CREATE DATABASE IF NOT EXISTS bastion CHARACTER SET utf8mb4 COLLATE utf8mb4_unicode_ci;
USE bastion;

-- MySQL dump 10.13  Distrib 9.3.0, for macos14.7 (x86_64)
--
-- Host: 10.0.0.7    Database: bastion
-- ------------------------------------------------------
-- Server version	8.0.42

/*!40101 SET @OLD_CHARACTER_SET_CLIENT=@@CHARACTER_SET_CLIENT */;
/*!40101 SET @OLD_CHARACTER_SET_RESULTS=@@CHARACTER_SET_RESULTS */;
/*!40101 SET @OLD_COLLATION_CONNECTION=@@COLLATION_CONNECTION */;
/*!50503 SET NAMES utf8mb4 */;
/*!40103 SET @OLD_TIME_ZONE=@@TIME_ZONE */;
/*!40103 SET TIME_ZONE='+00:00' */;
/*!40014 SET @OLD_UNIQUE_CHECKS=@@UNIQUE_CHECKS, UNIQUE_CHECKS=0 */;
/*!40014 SET @OLD_FOREIGN_KEY_CHECKS=@@FOREIGN_KEY_CHECKS, FOREIGN_KEY_CHECKS=0 */;
/*!40101 SET @OLD_SQL_MODE=@@SQL_MODE, SQL_MODE='NO_AUTO_VALUE_ON_ZERO' */;
/*!40111 SET @OLD_SQL_NOTES=@@SQL_NOTES, SQL_NOTES=0 */;

--
-- Table structure for table `asset_credentials`
--

DROP TABLE IF EXISTS `asset_credentials`;
/*!40101 SET @saved_cs_client     = @@character_set_client */;
/*!50503 SET character_set_client = utf8mb4 */;
CREATE TABLE `asset_credentials` (
  `asset_id` bigint unsigned NOT NULL,
  `credential_id` bigint unsigned NOT NULL,
  `created_at` timestamp NULL DEFAULT CURRENT_TIMESTAMP,
  PRIMARY KEY (`asset_id`,`credential_id`),
  KEY `idx_asset_id` (`asset_id`),
  KEY `idx_credential_id` (`credential_id`),
  CONSTRAINT `fk_asset_credentials_asset` FOREIGN KEY (`asset_id`) REFERENCES `assets` (`id`) ON DELETE CASCADE,
  CONSTRAINT `fk_asset_credentials_credential` FOREIGN KEY (`credential_id`) REFERENCES `credentials` (`id`) ON DELETE CASCADE
) ENGINE=InnoDB DEFAULT CHARSET=utf8mb4 COLLATE=utf8mb4_unicode_ci COMMENT='资产凭证关联表 - 多对多关系';
/*!40101 SET character_set_client = @saved_cs_client */;

--
-- Dumping data for table `asset_credentials`
--

LOCK TABLES `asset_credentials` WRITE;
/*!40000 ALTER TABLE `asset_credentials` DISABLE KEYS */;
INSERT INTO `asset_credentials` VALUES (1,1,'2025-07-19 08:51:29'),(2,1,'2025-07-19 08:51:52'),(3,1,'2025-07-21 09:35:33');
/*!40000 ALTER TABLE `asset_credentials` ENABLE KEYS */;
UNLOCK TABLES;

--
-- Table structure for table `asset_groups`
--

DROP TABLE IF EXISTS `asset_groups`;
/*!40101 SET @saved_cs_client     = @@character_set_client */;
/*!50503 SET character_set_client = utf8mb4 */;
CREATE TABLE `asset_groups` (
  `id` bigint unsigned NOT NULL AUTO_INCREMENT,
  `name` varchar(50) CHARACTER SET utf8mb4 COLLATE utf8mb4_unicode_ci NOT NULL,
  `description` text CHARACTER SET utf8mb4 COLLATE utf8mb4_unicode_ci,
  `type` varchar(20) CHARACTER SET utf8mb4 COLLATE utf8mb4_unicode_ci DEFAULT 'general' COMMENT '分组类型: production, test, dev, general',
  `parent_id` bigint unsigned DEFAULT NULL COMMENT '父分组ID',
  `sort_order` int DEFAULT '0' COMMENT '排序字段',
  `created_at` timestamp NULL DEFAULT CURRENT_TIMESTAMP,
  `updated_at` timestamp NULL DEFAULT CURRENT_TIMESTAMP ON UPDATE CURRENT_TIMESTAMP,
  `deleted_at` timestamp NULL DEFAULT NULL,
  PRIMARY KEY (`id`),
  UNIQUE KEY `idx_asset_group_name` (`name`),
  KEY `idx_asset_groups_parent_id` (`parent_id`),
  KEY `idx_asset_groups_type` (`type`),
  KEY `idx_deleted_at` (`deleted_at`),
  CONSTRAINT `fk_asset_groups_parent` FOREIGN KEY (`parent_id`) REFERENCES `asset_groups` (`id`) ON DELETE SET NULL
) ENGINE=InnoDB AUTO_INCREMENT=11 DEFAULT CHARSET=utf8mb4 COLLATE=utf8mb4_unicode_ci COMMENT='资产分组表 - 支持层级结构的资产分组';
/*!40101 SET character_set_client = @saved_cs_client */;

--
-- Dumping data for table `asset_groups`
--

LOCK TABLES `asset_groups` WRITE;
/*!40000 ALTER TABLE `asset_groups` DISABLE KEYS */;
INSERT INTO `asset_groups` VALUES (1,'生产环境','生产环境资产分组','production',NULL,1,'2025-07-19 08:49:17','2025-07-19 08:49:17',NULL),(2,'测试环境','测试环境资产分组','test',NULL,2,'2025-07-19 08:49:17','2025-07-19 08:49:17',NULL),(3,'开发环境','开发环境资产分组','dev',NULL,3,'2025-07-19 08:49:17','2025-07-19 08:49:17',NULL),(4,'通用分组','通用资产分组','general',NULL,4,'2025-07-19 08:49:17','2025-08-03 10:31:42','2025-08-03 18:31:42'),(5,'Web服务器','Web服务器分组','production',1,1,'2025-07-19 08:49:17','2025-07-19 08:49:17',NULL),(6,'应用服务器','应用服务器分组','production',1,2,'2025-07-19 08:49:17','2025-07-19 08:49:17',NULL),(7,'数据库服务器','数据库服务器分组','production',1,3,'2025-07-19 08:49:17','2025-07-19 08:49:17',NULL),(8,'测试服务器','测试服务器分组','test',2,1,'2025-07-19 08:49:17','2025-07-19 08:49:17',NULL),(9,'开发服务器','开发服务器分组','dev',3,1,'2025-07-19 08:49:17','2025-07-19 08:49:17',NULL),(10,'AI 服务器','测试','general',NULL,0,'2025-08-03 18:38:38','2025-08-03 18:38:38',NULL);
/*!40000 ALTER TABLE `asset_groups` ENABLE KEYS */;
UNLOCK TABLES;

--
-- Table structure for table `assets`
--

DROP TABLE IF EXISTS `assets`;
/*!40101 SET @saved_cs_client     = @@character_set_client */;
/*!50503 SET character_set_client = utf8mb4 */;
CREATE TABLE `assets` (
  `id` bigint unsigned NOT NULL AUTO_INCREMENT,
  `name` varchar(100) CHARACTER SET utf8mb4 COLLATE utf8mb4_unicode_ci NOT NULL,
  `type` varchar(20) CHARACTER SET utf8mb4 COLLATE utf8mb4_unicode_ci NOT NULL DEFAULT 'server' COMMENT '资产类型: server, database',
  `os_type` varchar(20) CHARACTER SET utf8mb4 COLLATE utf8mb4_unicode_ci DEFAULT 'linux' COMMENT '操作系统类型: linux, windows',
  `address` varchar(255) CHARACTER SET utf8mb4 COLLATE utf8mb4_unicode_ci NOT NULL,
  `port` int DEFAULT '22',
  `protocol` varchar(10) CHARACTER SET utf8mb4 COLLATE utf8mb4_unicode_ci DEFAULT 'ssh' COMMENT '协议: ssh, rdp, vnc, mysql, postgresql',
  `tags` json DEFAULT NULL,
  `status` tinyint DEFAULT '1' COMMENT '状态: 1-启用, 0-禁用',
  `group_id` bigint unsigned DEFAULT NULL COMMENT '资产分组ID',
  `created_at` timestamp NULL DEFAULT CURRENT_TIMESTAMP,
  `updated_at` timestamp NULL DEFAULT CURRENT_TIMESTAMP ON UPDATE CURRENT_TIMESTAMP,
  `deleted_at` timestamp NULL DEFAULT NULL,
  PRIMARY KEY (`id`),
  KEY `idx_type` (`type`),
  KEY `idx_protocol` (`protocol`),
  KEY `idx_status` (`status`),
  KEY `idx_assets_group_id` (`group_id`),
  KEY `idx_deleted_at` (`deleted_at`),
  CONSTRAINT `fk_assets_group_id` FOREIGN KEY (`group_id`) REFERENCES `asset_groups` (`id`) ON DELETE SET NULL
) ENGINE=InnoDB AUTO_INCREMENT=5 DEFAULT CHARSET=utf8mb4 COLLATE=utf8mb4_unicode_ci COMMENT='资产表 - 存储服务器和数据库等资产';
/*!40101 SET character_set_client = @saved_cs_client */;

--
-- Dumping data for table `assets`
--

LOCK TABLES `assets` WRITE;
/*!40000 ALTER TABLE `assets` DISABLE KEYS */;
INSERT INTO `assets` VALUES (1,'SSH测试服务器1','server','linux','172.20.0.10',22,'ssh','{"tags": "test"}',1,1,'2025-07-19 16:51:11','2025-07-22 22:01:22',NULL),(2,'SSH测试服务器2','server','linux','172.20.0.11',22,'ssh','{"tags": "test"}',1,5,'2025-07-21 17:35:32','2025-07-22 22:02:36',NULL);
/*!40000 ALTER TABLE `assets` ENABLE KEYS */;
UNLOCK TABLES;

--
-- Temporary view structure for view `audit_statistics`
--

DROP TABLE IF EXISTS `audit_statistics`;
/*!50001 DROP VIEW IF EXISTS `audit_statistics`*/;
SET @saved_cs_client     = @@character_set_client;
/*!50503 SET character_set_client = utf8mb4 */;
/*!50001 CREATE VIEW `audit_statistics` AS SELECT 
 1 AS `total_login_logs`,
 1 AS `total_operation_logs`,
 1 AS `total_session_records`,
 1 AS `total_command_logs`,
 1 AS `failed_logins`,
 1 AS `active_sessions`,
 1 AS `dangerous_commands`,
 1 AS `today_logins`,
 1 AS `today_operations`,
 1 AS `today_sessions`*/;
SET character_set_client = @saved_cs_client;

--
-- Table structure for table `command_filter_logs`
--

DROP TABLE IF EXISTS `command_filter_logs`;
/*!40101 SET @saved_cs_client     = @@character_set_client */;
/*!50503 SET character_set_client = utf8mb4 */;
CREATE TABLE `command_filter_logs` (
  `id` bigint unsigned NOT NULL AUTO_INCREMENT,
  `session_id` varchar(100) NOT NULL COMMENT 'SSH会话ID',
  `user_id` bigint unsigned NOT NULL COMMENT '用户ID',
  `username` varchar(50) NOT NULL COMMENT '用户名',
  `asset_id` bigint unsigned NOT NULL COMMENT '资产ID',
  `asset_name` varchar(100) NOT NULL COMMENT '资产名称',
  `account` varchar(50) NOT NULL COMMENT '登录账号',
  `command` text NOT NULL COMMENT '执行的命令',
  `filter_id` bigint unsigned NOT NULL COMMENT '触发的过滤规则ID',
  `filter_name` varchar(100) NOT NULL COMMENT '过滤规则名称',
  `action` varchar(20) NOT NULL COMMENT '执行的动作',
  `created_at` timestamp NULL DEFAULT CURRENT_TIMESTAMP,
  PRIMARY KEY (`id`),
  KEY `idx_session_id` (`session_id`),
  KEY `idx_user_id` (`user_id`),
  KEY `idx_asset_id` (`asset_id`),
  KEY `idx_filter_id` (`filter_id`),
  KEY `idx_created_at` (`created_at`),
  KEY `idx_cfl_user_asset` (`user_id`,`asset_id`)
) ENGINE=InnoDB AUTO_INCREMENT=70 DEFAULT CHARSET=utf8mb4 COLLATE=utf8mb4_0900_ai_ci COMMENT='命令过滤日志表';
/*!40101 SET character_set_client = @saved_cs_client */;

--
-- Dumping data for table `command_filter_logs`
--

LOCK TABLES `command_filter_logs` WRITE;
/*!40000 ALTER TABLE `command_filter_logs` DISABLE KEYS */;
INSERT INTO `command_filter_logs` VALUES (1,'session_1_1_20250730172548',1,'admin',1,'web-7','root','test',1,'快速测试规则','deny','2025-07-30 17:25:48'),(2,'session_1_1_20250730172611',1,'admin',1,'web-7','root','rm -rf /tmp/test',2,'禁止执行危险命令','deny','2025-07-30 17:26:12'),(3,'session_1_1_20250730172611',1,'admin',1,'web-7','root','reboot',2,'禁止执行危险命令','deny','2025-07-30 17:26:12'),(4,'session_1_1_20250730172611',1,'admin',1,'web-7','root','nc localhost 8080',3,'警告网络命令','alert','2025-07-30 17:26:12'),(5,'session_1_1_20250730211607',1,'admin',1,'web-7','root','rm -rf /tmp/test',4,'禁止执行危险命令','deny','2025-07-30 21:16:07'),(6,'session_1_1_20250730211607',1,'admin',1,'web-7','root','reboot',4,'禁止执行危险命令','deny','2025-07-30 21:16:07'),(7,'session_1_1_20250730211607',1,'admin',1,'web-7','root','nc localhost 8080',3,'警告网络命令','alert','2025-07-30 21:16:07'),(8,'session_1_1_20250731145650',1,'admin',1,'web-7','root','rm',5,'测试规则','deny','2025-07-31 14:56:50'),(9,'session_1_1_20250731150753',1,'admin',1,'web-7','root','rm',5,'测试规则','deny','2025-07-31 15:07:53'),(10,'session_1_1_20250731152012',1,'admin',1,'web-7','root','rm',5,'测试规则','deny','2025-07-31 15:20:12'),(11,'session_1_1_20250731152018',1,'admin',1,'web-7','root','rm -rf 1.txt',5,'测试规则','deny','2025-07-31 15:20:18'),(12,'session_1_1_20250731152029',1,'admin',1,'web-7','root','rm -rf 1.	',5,'测试规则','deny','2025-07-31 15:20:30'),(13,'session_1_1_20250731152446',1,'admin',1,'web-7','root','rm -rf 1.	',5,'测试规则','deny','2025-07-31 15:24:47'),(14,'session_1_1_20250731152453',1,'admin',1,'web-7','root','rm',5,'测试规则','deny','2025-07-31 15:24:54'),(15,'session_1_1_20250731152501',1,'admin',1,'web-7','root','cat > rm.txt << EOF',5,'测试规则','deny','2025-07-31 15:25:02'),(16,'session_1_1_20250731162505',1,'admin',1,'web-7','root','rm -rf 1.txt',5,'测试规则','deny','2025-07-31 16:25:06'),(17,'session_1_1_20250731162512',1,'admin',1,'web-7','root','/bin/rm',5,'测试规则','deny','2025-07-31 16:25:12'),(18,'session_1_1_20250731162524',1,'admin',1,'web-7','root','rm rm.txt',5,'测试规则','deny','2025-07-31 16:25:24'),(19,'session_1_1_20250731174904',1,'admin',1,'web-7','root','rm -rf 1.	',5,'测试规则','deny','2025-07-31 17:49:05'),(20,'session_1_1_20250731174912',1,'admin',1,'web-7','root','\\rm -rf 1.t	',5,'测试规则','deny','2025-07-31 17:49:13'),(21,'session_1_1_20250731174920',1,'admin',1,'web-7','root','cat > rm.txt << EOF',5,'测试规则','deny','2025-07-31 17:49:21'),(22,'session_1_1_20250731182105',1,'admin',1,'web-7','root','rm -rf 1.txt',5,'测试规则','deny','2025-07-31 18:21:05'),(23,'session_1_1_20250731210740',1,'admin',1,'web-7','root','rm',5,'测试规则','deny','2025-07-31 21:07:40'),(24,'session_1_1_20250731210742',1,'admin',1,'web-7','root','rm -rf ',5,'测试规则','deny','2025-07-31 21:07:42'),(25,'session_1_1_20250731210823',1,'admin',1,'web-7','root','rm',5,'测试规则','deny','2025-07-31 21:08:23'),(26,'session_1_1_20250731210918',1,'admin',1,'web-7','root','rm -rf ',5,'测试规则','deny','2025-07-31 21:09:19'),(27,'session_1_1_20250731210922',1,'admin',1,'web-7','root','rm',5,'测试规则','deny','2025-07-31 21:09:22'),(28,'session_1_1_20250731211806',1,'admin',1,'web-7','root','rm',5,'测试规则','deny','2025-07-31 21:18:06'),(29,'session_1_1_20250731211811',1,'admin',1,'web-7','root','rm -rf',5,'测试规则','deny','2025-07-31 21:18:11'),(30,'session_1_1_20250731211819',1,'admin',1,'web-7','root','rm',5,'测试规则','deny','2025-07-31 21:18:19'),(31,'session_1_1_20250731211823',1,'admin',1,'web-7','root','rm',5,'测试规则','deny','2025-07-31 21:18:24'),(32,'session_1_1_20250731211825',1,'admin',1,'web-7','root','rm',5,'测试规则','deny','2025-07-31 21:18:25'),(33,'session_1_1_20250731211827',1,'admin',1,'web-7','root','rm ',5,'测试规则','deny','2025-07-31 21:18:27'),(34,'session_1_1_20250731212829',1,'admin',1,'web-7','root','rm',5,'测试规则','deny','2025-07-31 21:28:30'),(35,'session_1_1_20250731212849',1,'admin',1,'web-7','root','rm -rf 1.txt',5,'测试规则','deny','2025-07-31 21:28:49'),(36,'session_1_1_20250731213139',1,'admin',1,'web-7','root','rm',5,'测试规则','deny','2025-07-31 21:31:40'),(37,'session_1_1_20250731222755',1,'admin',1,'web-7','root','rm',5,'测试规则','deny','2025-07-31 22:27:55'),(38,'session_1_1_20250731222812',1,'admin',1,'web-7','root','rm -rf 1.txt',5,'测试规则','deny','2025-07-31 22:28:13'),(39,'session_1_1_20250731234130',1,'admin',1,'web-7','root','rm',5,'测试规则','deny','2025-07-31 23:41:30'),(40,'session_1_1_20250731234132',1,'admin',1,'web-7','root','rm -rf',5,'测试规则','deny','2025-07-31 23:41:32'),(41,'session_1_1_20250801153558',1,'admin',1,'web-7','root','rm',5,'测试规则','deny','2025-08-01 15:35:58'),(42,'session_1_1_20250801153559',1,'admin',1,'web-7','root','rm -rf',5,'测试规则','deny','2025-08-01 15:36:00'),(43,'session_1_1_20250801175614',1,'admin',1,'web-7','root','rm',5,'测试规则','deny','2025-08-01 17:56:15'),(44,'session_1_1_20250801175626',1,'admin',1,'web-7','root','rm -rf',5,'测试规则','deny','2025-08-01 17:56:26'),(45,'session_1_1_20250801204426',1,'admin',1,'web-7','root','rm',5,'测试规则','deny','2025-08-01 20:44:26'),(46,'session_1_1_20250801204500',1,'admin',1,'web-7','root','rm',5,'测试规则','deny','2025-08-01 20:45:00'),(47,'session_1_1_20250801204526',1,'admin',1,'web-7','root','rm -rf /opt/1.txt',5,'测试规则','deny','2025-08-01 20:45:26'),(48,'session_1_1_20250801204545',1,'admin',1,'web-7','root','rm -rf 1.txt',5,'测试规则','deny','2025-08-01 20:45:45'),(49,'session_1_1_20250801204555',1,'admin',1,'web-7','root','rm -rf *',5,'测试规则','deny','2025-08-01 20:45:55'),(50,'session_1_1_20250801205021',1,'admin',1,'web-7','root','rm -rf 1.txt',5,'测试规则','deny','2025-08-01 20:50:22'),(51,'session_1_1_20250801205833',1,'admin',1,'web-7','root','rm -rf ini	',5,'测试规则','deny','2025-08-01 20:58:34'),(52,'session_1_1_20250801205930',1,'admin',1,'web-7','root','shutdown -c',5,'测试规则','deny','2025-08-01 20:59:30'),(53,'session_1_1_20250801210937',1,'admin',1,'web-7','root','rm',5,'测试规则','deny','2025-08-01 21:09:38'),(54,'session_1_1_20250801210940',1,'admin',1,'web-7','root','rm -rf',5,'测试规则','deny','2025-08-01 21:09:40'),(55,'session_1_1_20250801210953',1,'admin',1,'web-7','root','rm',5,'测试规则','deny','2025-08-01 21:09:53'),(56,'session_1_1_20250801212657',1,'admin',1,'web-7','root','rm',5,'测试规则','deny','2025-08-01 21:26:57'),(57,'session_1_1_20250801212717',1,'admin',1,'web-7','root','rm',5,'测试规则','deny','2025-08-01 21:27:18'),(58,'session_1_1_20250801212720',1,'admin',1,'web-7','root','rm -rf',5,'测试规则','deny','2025-08-01 21:27:20'),(59,'session_1_1_20250801212723',1,'admin',1,'web-7','root','rm -rf 1.txt',5,'测试规则','deny','2025-08-01 21:27:24'),(60,'session_1_1_20250801212732',1,'admin',1,'web-7','root','rm -rf *',5,'测试规则','deny','2025-08-01 21:27:32'),(61,'session_1_1_20250801230338',1,'admin',1,'web-7','root','rm',5,'测试规则','deny','2025-08-01 23:03:38'),(62,'session_1_1_20250801230350',1,'admin',1,'web-7','root','shutdown	-c',5,'测试规则','deny','2025-08-01 23:03:50'),(63,'session_1_1_20250801230407',1,'admin',1,'web-7','root','rm',5,'测试规则','deny','2025-08-01 23:04:08'),(64,'session_1_1_20250801234333',1,'admin',1,'web-7','root','rm',5,'测试规则','deny','2025-08-01 23:43:34'),(65,'session_1_1_20250801234520',1,'admin',1,'web-7','root','rm',5,'测试规则','deny','2025-08-01 23:45:21'),(66,'session_1_1_20250802013459',1,'admin',1,'web-7','root','rm',5,'测试规则','deny','2025-08-02 01:34:59'),(67,'session_1_1_20250802013500',1,'admin',1,'web-7','root','rm',5,'测试规则','deny','2025-08-02 01:35:00'),(68,'session_1_1_20250802013505',1,'admin',1,'web-7','root','rm -rf *',5,'测试规则','deny','2025-08-02 01:35:05'),(69,'session_1_1_20250802224423',1,'admin',1,'web-7','root','rm',5,'测试规则','deny','2025-08-02 22:44:24');
/*!40000 ALTER TABLE `command_filter_logs` ENABLE KEYS */;
UNLOCK TABLES;

--
-- Table structure for table `command_filters`
--

DROP TABLE IF EXISTS `command_filters`;
/*!40101 SET @saved_cs_client     = @@character_set_client */;
/*!50503 SET character_set_client = utf8mb4 */;
CREATE TABLE `command_filters` (
  `id` bigint unsigned NOT NULL AUTO_INCREMENT,
  `name` varchar(100) NOT NULL COMMENT '过滤规则名称',
  `priority` int NOT NULL DEFAULT '50' COMMENT '优先级，1-100，数字越小优先级越高',
  `enabled` tinyint(1) DEFAULT '1' COMMENT '是否启用',
  `user_type` varchar(20) NOT NULL DEFAULT 'all' COMMENT '用户类型: all-全部, specific-指定, attribute-属性',
  `asset_type` varchar(20) NOT NULL DEFAULT 'all' COMMENT '资产类型: all-全部, specific-指定, attribute-属性',
  `account_type` varchar(20) NOT NULL DEFAULT 'all' COMMENT '账号类型: all-全部, specific-指定',
  `account_names` varchar(500) DEFAULT NULL COMMENT '指定账号名称，逗号分隔',
  `command_group_id` bigint unsigned NOT NULL COMMENT '关联的命令组ID',
  `action` varchar(20) NOT NULL COMMENT '动作: deny-拒绝, allow-接受, alert-告警, prompt_alert-提示并告警',
  `remark` varchar(500) DEFAULT NULL COMMENT '备注',
  `created_at` timestamp NULL DEFAULT CURRENT_TIMESTAMP,
  `updated_at` timestamp NULL DEFAULT CURRENT_TIMESTAMP ON UPDATE CURRENT_TIMESTAMP,
  `deleted_at` timestamp NULL DEFAULT NULL,
  PRIMARY KEY (`id`),
  KEY `idx_priority_enabled` (`priority`,`enabled`),
  KEY `idx_command_group_id` (`command_group_id`),
  KEY `idx_deleted_at` (`deleted_at`),
  KEY `idx_cf_user_type` (`user_type`),
  KEY `idx_cf_asset_type` (`asset_type`),
  KEY `idx_cf_account_type` (`account_type`),
  CONSTRAINT `fk_cf_command_group` FOREIGN KEY (`command_group_id`) REFERENCES `command_groups` (`id`)
) ENGINE=InnoDB AUTO_INCREMENT=6 DEFAULT CHARSET=utf8mb4 COLLATE=utf8mb4_0900_ai_ci COMMENT='命令过滤规则表';
/*!40101 SET character_set_client = @saved_cs_client */;

--
-- Dumping data for table `command_filters`
--

LOCK TABLES `command_filters` WRITE;
/*!40000 ALTER TABLE `command_filters` DISABLE KEYS */;
INSERT INTO `command_filters` VALUES (1,'快速测试规则',50,1,'all','all','all','',2,'deny','测试规则 - 2025-07-30 17:25:47','2025-07-30 17:25:48','2025-07-30 09:25:48','2025-07-30 17:25:48'),(2,'禁止执行危险命令',10,1,'all','all','all','',3,'deny','测试规则 - 2025-07-30 17:26:11','2025-07-30 17:26:11','2025-07-30 09:26:12','2025-07-30 17:26:12'),(3,'警告网络命令',20,1,'all','all','all','',4,'alert','测试规则 - 2025-07-30 17:26:11','2025-07-30 17:26:11','2025-07-30 15:52:04','2025-07-30 23:52:04'),(4,'禁止执行危险命令',10,1,'all','all','all','',13,'deny','测试规则 - 2025-07-30 21:16:06','2025-07-30 21:16:07','2025-07-30 13:16:08','2025-07-30 21:16:08'),(5,'测试规则',50,1,'specific','specific','specific','root',19,'deny','','2025-07-31 09:40:25','2025-08-02 18:24:52',NULL);
/*!40000 ALTER TABLE `command_filters` ENABLE KEYS */;
UNLOCK TABLES;

--
-- Table structure for table `command_group_commands_backup_20250130`
--

DROP TABLE IF EXISTS `command_group_commands_backup_20250130`;
/*!40101 SET @saved_cs_client     = @@character_set_client */;
/*!50503 SET character_set_client = utf8mb4 */;
CREATE TABLE `command_group_commands_backup_20250130` (
  `command_group_id` bigint unsigned NOT NULL,
  `command_id` bigint unsigned NOT NULL
) ENGINE=InnoDB DEFAULT CHARSET=utf8mb4 COLLATE=utf8mb4_unicode_ci;
/*!40101 SET character_set_client = @saved_cs_client */;

--
-- Dumping data for table `command_group_commands_backup_20250130`
--

LOCK TABLES `command_group_commands_backup_20250130` WRITE;
/*!40000 ALTER TABLE `command_group_commands_backup_20250130` DISABLE KEYS */;
INSERT INTO `command_group_commands_backup_20250130` VALUES (1,1),(1,2),(1,3),(1,4),(1,5),(2,6),(2,7),(2,8),(2,9),(3,10),(3,11),(3,12),(4,13),(4,14),(5,79),(5,80),(5,81),(5,82),(5,83),(5,84),(5,85),(5,86),(6,87),(6,88),(6,89),(6,90),(6,91),(6,92),(6,93),(7,94),(7,95),(7,96),(7,97),(7,98),(7,99),(7,100),(7,101),(7,102),(8,103),(8,104),(8,105),(8,106),(8,107),(8,108),(8,109),(8,110),(9,111),(9,112),(9,113),(9,114),(9,115),(9,116),(9,117),(9,118),(9,119),(9,120),(10,121),(10,122),(10,123),(10,124),(10,125),(10,126),(10,127),(10,128);
/*!40000 ALTER TABLE `command_group_commands_backup_20250130` ENABLE KEYS */;
UNLOCK TABLES;

--
-- Table structure for table `command_group_items`
--

DROP TABLE IF EXISTS `command_group_items`;
/*!40101 SET @saved_cs_client     = @@character_set_client */;
/*!50503 SET character_set_client = utf8mb4 */;
CREATE TABLE `command_group_items` (
  `id` bigint unsigned NOT NULL AUTO_INCREMENT,
  `command_group_id` bigint unsigned NOT NULL COMMENT '所属命令组ID',
  `type` varchar(20) NOT NULL DEFAULT 'command' COMMENT '类型: command-命令, regex-正则表达式',
  `content` varchar(500) NOT NULL COMMENT '命令内容或正则表达式',
  `ignore_case` tinyint(1) DEFAULT '0' COMMENT '是否忽略大小写',
  `sort_order` int DEFAULT '0' COMMENT '排序顺序',
  `created_at` timestamp NULL DEFAULT CURRENT_TIMESTAMP,
  PRIMARY KEY (`id`),
  KEY `idx_command_group_id` (`command_group_id`),
  KEY `idx_content` (`content`(100)),
  KEY `idx_cgi_type_content` (`type`,`content`(100)),
  CONSTRAINT `fk_cgi_command_group` FOREIGN KEY (`command_group_id`) REFERENCES `command_groups` (`id`) ON DELETE CASCADE
) ENGINE=InnoDB AUTO_INCREMENT=30 DEFAULT CHARSET=utf8mb4 COLLATE=utf8mb4_0900_ai_ci COMMENT='命令组项表';
/*!40101 SET character_set_client = @saved_cs_client */;

--
-- Dumping data for table `command_group_items`
--

LOCK TABLES `command_group_items` WRITE;
/*!40000 ALTER TABLE `command_group_items` DISABLE KEYS */;
INSERT INTO `command_group_items` VALUES (1,1,'command','rm -rf',0,1,'2025-07-30 07:27:11'),(2,1,'command','shutdown',0,2,'2025-07-30 07:27:11'),(3,1,'command','reboot',0,3,'2025-07-30 07:27:11'),(4,1,'regex','^dd\\s+if=',0,4,'2025-07-30 07:27:11'),(5,1,'regex','^mkfs',0,5,'2025-07-30 07:27:11'),(6,2,'command','test',0,1,'2025-07-30 17:25:48'),(10,4,'command','iptables',0,1,'2025-07-30 17:26:11'),(11,4,'command','firewall-cmd',0,2,'2025-07-30 17:26:11'),(12,4,'regex','^nc\\s+',1,3,'2025-07-30 17:26:11'),(13,3,'command','rm',0,1,'2025-07-30 17:26:11'),(14,3,'command','reboot',0,2,'2025-07-30 17:26:11'),(15,3,'regex','^rm\\s+-rf',0,3,'2025-07-30 17:26:11'),(16,3,'command','shutdown',0,4,'2025-07-30 17:26:11'),(17,5,'command','test',0,1,'2025-07-30 17:26:12'),(18,6,'command','cmd0',0,1,'2025-07-30 17:26:12'),(19,7,'command','cmd1',0,1,'2025-07-30 17:26:12'),(20,8,'command','cmd2',0,1,'2025-07-30 17:26:12'),(21,9,'command','cmd3',0,1,'2025-07-30 17:26:12'),(22,10,'command','cmd4',0,1,'2025-07-30 17:26:12'),(23,13,'command','rm',0,1,'2025-07-30 21:16:07'),(24,13,'command','reboot',0,2,'2025-07-30 21:16:07'),(25,13,'regex','^rm\\s+-rf',0,3,'2025-07-30 21:16:07'),(28,19,'command','rm',0,0,'2025-08-01 20:51:04'),(29,19,'command','shutdown',0,1,'2025-08-01 20:51:04');
/*!40000 ALTER TABLE `command_group_items` ENABLE KEYS */;
UNLOCK TABLES;

--
-- Table structure for table `command_groups`
--

DROP TABLE IF EXISTS `command_groups`;
/*!40101 SET @saved_cs_client     = @@character_set_client */;
/*!50503 SET character_set_client = utf8mb4 */;
CREATE TABLE `command_groups` (
  `id` bigint unsigned NOT NULL AUTO_INCREMENT,
  `name` varchar(100) NOT NULL COMMENT '命令组名称',
  `remark` varchar(500) DEFAULT NULL COMMENT '备注',
  `created_at` timestamp NULL DEFAULT CURRENT_TIMESTAMP,
  `updated_at` timestamp NULL DEFAULT CURRENT_TIMESTAMP ON UPDATE CURRENT_TIMESTAMP,
  `deleted_at` timestamp NULL DEFAULT NULL,
  PRIMARY KEY (`id`),
  UNIQUE KEY `uk_name` (`name`),
  KEY `idx_deleted_at` (`deleted_at`)
) ENGINE=InnoDB AUTO_INCREMENT=20 DEFAULT CHARSET=utf8mb4 COLLATE=utf8mb4_0900_ai_ci COMMENT='命令组表';
/*!40101 SET character_set_client = @saved_cs_client */;

--
-- Dumping data for table `command_groups`
--

LOCK TABLES `command_groups` WRITE;
/*!40000 ALTER TABLE `command_groups` DISABLE KEYS */;
INSERT INTO `command_groups` VALUES (1,'危险命令示例','包含一些常见的危险命令，仅供参考','2025-07-30 07:27:11','2025-07-30 15:51:48','2025-07-30 23:51:48'),(2,'快速测试组','测试命令组 - 2025-07-30 17:25:47','2025-07-30 17:25:48','2025-07-30 09:25:48','2025-07-30 17:25:48'),(3,'危险命令组_更新','测试命令组 - 2025-07-30 17:26:11','2025-07-30 17:26:11','2025-07-30 09:26:12','2025-07-30 17:26:12'),(4,'网络命令组_测试','测试命令组 - 2025-07-30 17:26:11','2025-07-30 17:26:11','2025-07-30 15:52:33','2025-07-30 23:52:34'),(5,'导入测试命令组','通过导入功能创建','2025-07-30 17:26:12','2025-07-30 15:51:43','2025-07-30 23:51:43'),(6,'性能测试组_0','测试命令组 - 2025-07-30 17:26:11','2025-07-30 17:26:12','2025-07-30 09:26:12','2025-07-30 17:26:12'),(7,'性能测试组_1','测试命令组 - 2025-07-30 17:26:11','2025-07-30 17:26:12','2025-07-30 09:26:12','2025-07-30 17:26:12'),(8,'性能测试组_2','测试命令组 - 2025-07-30 17:26:11','2025-07-30 17:26:12','2025-07-30 09:26:12','2025-07-30 17:26:12'),(9,'性能测试组_3','测试命令组 - 2025-07-30 17:26:11','2025-07-30 17:26:12','2025-07-30 09:26:12','2025-07-30 17:26:12'),(10,'性能测试组_4','测试命令组 - 2025-07-30 17:26:11','2025-07-30 17:26:12','2025-07-30 09:26:12','2025-07-30 17:26:12'),(13,'危险命令组_测试','测试命令组 - 2025-07-30 21:16:06','2025-07-30 21:16:07','2025-07-30 13:16:08','2025-07-30 21:16:08'),(19,'危险命令','','2025-07-30 23:52:54','2025-08-01 20:51:04',NULL);
/*!40000 ALTER TABLE `command_groups` ENABLE KEYS */;
UNLOCK TABLES;

--
-- Table structure for table `command_groups_backup_20250130`
--

DROP TABLE IF EXISTS `command_groups_backup_20250130`;
/*!40101 SET @saved_cs_client     = @@character_set_client */;
/*!50503 SET character_set_client = utf8mb4 */;
CREATE TABLE `command_groups_backup_20250130` (
  `id` bigint unsigned NOT NULL DEFAULT '0',
  `name` varchar(100) CHARACTER SET utf8mb4 COLLATE utf8mb4_0900_ai_ci NOT NULL COMMENT '命令组名称',
  `description` varchar(500) CHARACTER SET utf8mb4 COLLATE utf8mb4_0900_ai_ci DEFAULT NULL COMMENT '命令组描述',
  `is_preset` tinyint(1) DEFAULT '0' COMMENT '是否为系统预设组',
  `created_at` timestamp NULL DEFAULT CURRENT_TIMESTAMP,
  `updated_at` timestamp NULL DEFAULT CURRENT_TIMESTAMP ON UPDATE CURRENT_TIMESTAMP,
  `deleted_at` timestamp NULL DEFAULT NULL
) ENGINE=InnoDB DEFAULT CHARSET=utf8mb4 COLLATE=utf8mb4_unicode_ci;
/*!40101 SET character_set_client = @saved_cs_client */;

--
-- Dumping data for table `command_groups_backup_20250130`
--

LOCK TABLES `command_groups_backup_20250130` WRITE;
/*!40000 ALTER TABLE `command_groups_backup_20250130` DISABLE KEYS */;
INSERT INTO `command_groups_backup_20250130` VALUES (1,'危险命令-系统管理','可能影响系统稳定性的管理命令',1,'2025-07-28 08:02:14','2025-07-28 08:02:14',NULL),(2,'危险命令-文件操作','可能导致数据丢失的文件操作命令',1,'2025-07-28 08:02:14','2025-07-28 08:02:14',NULL),(3,'危险命令-网络操作','可能影响网络连接的命令',1,'2025-07-28 08:02:14','2025-07-28 08:02:14',NULL),(4,'危险命令组','包含危险系统命令',0,'2025-07-28 17:52:51','2025-07-28 17:52:51',NULL),(5,'危险命令-数据库操作','可能影响数据库的危险命令',1,'2025-07-28 21:34:35','2025-07-28 13:38:35',NULL),(6,'危险命令-进程管理','可能影响系统进程的命令',1,'2025-07-28 21:34:35','2025-07-28 13:38:35',NULL),(7,'危险命令-用户管理','用户和权限管理的危险命令',1,'2025-07-28 21:34:36','2025-07-28 13:38:35',NULL),(8,'危险命令-软件包管理','软件包安装和管理命令',1,'2025-07-28 21:34:36','2025-07-28 13:38:35',NULL),(9,'危险命令-网络安全','网络安全和渗透相关命令',1,'2025-07-28 21:34:36','2025-07-28 13:38:35',NULL),(10,'危险命令-系统配置','系统配置和内核相关命令',1,'2025-07-28 21:34:36','2025-07-28 13:38:35',NULL);
/*!40000 ALTER TABLE `command_groups_backup_20250130` ENABLE KEYS */;
UNLOCK TABLES;

--
-- Table structure for table `command_intercept_logs_backup_20250130`
--

DROP TABLE IF EXISTS `command_intercept_logs_backup_20250130`;
/*!40101 SET @saved_cs_client     = @@character_set_client */;
/*!50503 SET character_set_client = utf8mb4 */;
CREATE TABLE `command_intercept_logs_backup_20250130` (
  `id` bigint unsigned NOT NULL DEFAULT '0',
  `session_id` varchar(100) CHARACTER SET utf8mb4 COLLATE utf8mb4_0900_ai_ci NOT NULL COMMENT 'SSH会话ID',
  `user_id` bigint unsigned NOT NULL COMMENT '用户ID',
  `username` varchar(50) CHARACTER SET utf8mb4 COLLATE utf8mb4_0900_ai_ci NOT NULL COMMENT '用户名',
  `asset_id` bigint unsigned NOT NULL COMMENT '资产ID',
  `command` text CHARACTER SET utf8mb4 COLLATE utf8mb4_0900_ai_ci NOT NULL COMMENT '被拦截的命令',
  `policy_id` bigint unsigned NOT NULL COMMENT '触发的策略ID',
  `policy_name` varchar(100) CHARACTER SET utf8mb4 COLLATE utf8mb4_0900_ai_ci NOT NULL COMMENT '策略名称',
  `policy_type` varchar(20) CHARACTER SET utf8mb4 COLLATE utf8mb4_0900_ai_ci NOT NULL COMMENT '策略类型: command或command_group',
  `intercept_time` timestamp NOT NULL COMMENT '拦截时间',
  `alert_level` varchar(20) CHARACTER SET utf8mb4 COLLATE utf8mb4_0900_ai_ci DEFAULT NULL COMMENT '告警级别（预留字段）',
  `alert_sent` tinyint(1) DEFAULT '0' COMMENT '是否已发送告警（预留字段）',
  `created_at` timestamp NULL DEFAULT CURRENT_TIMESTAMP
) ENGINE=InnoDB DEFAULT CHARSET=utf8mb4 COLLATE=utf8mb4_unicode_ci;
/*!40101 SET character_set_client = @saved_cs_client */;

--
-- Dumping data for table `command_intercept_logs_backup_20250130`
--

LOCK TABLES `command_intercept_logs_backup_20250130` WRITE;
/*!40000 ALTER TABLE `command_intercept_logs_backup_20250130` DISABLE KEYS */;
/*!40000 ALTER TABLE `command_intercept_logs_backup_20250130` ENABLE KEYS */;
UNLOCK TABLES;

--
-- Table structure for table `command_logs`
--

DROP TABLE IF EXISTS `command_logs`;
/*!40101 SET @saved_cs_client     = @@character_set_client */;
/*!50503 SET character_set_client = utf8mb4 */;
CREATE TABLE `command_logs` (
  `id` bigint unsigned NOT NULL AUTO_INCREMENT,
  `session_id` varchar(100) CHARACTER SET utf8mb4 COLLATE utf8mb4_unicode_ci NOT NULL,
  `user_id` bigint unsigned NOT NULL,
  `username` varchar(50) CHARACTER SET utf8mb4 COLLATE utf8mb4_unicode_ci NOT NULL,
  `asset_id` bigint unsigned NOT NULL,
  `command` text CHARACTER SET utf8mb4 COLLATE utf8mb4_unicode_ci NOT NULL,
  `output` text CHARACTER SET utf8mb4 COLLATE utf8mb4_unicode_ci,
  `exit_code` int DEFAULT NULL,
  `risk` varchar(20) CHARACTER SET utf8mb4 COLLATE utf8mb4_unicode_ci DEFAULT 'low' COMMENT '风险等级: low, medium, high',
  `start_time` timestamp NULL DEFAULT CURRENT_TIMESTAMP,
  `end_time` timestamp NULL DEFAULT NULL,
  `duration` bigint DEFAULT NULL COMMENT '命令执行时间，毫秒',
  `created_at` timestamp NULL DEFAULT CURRENT_TIMESTAMP,
  `updated_at` timestamp NULL DEFAULT CURRENT_TIMESTAMP ON UPDATE CURRENT_TIMESTAMP,
  `deleted_at` timestamp NULL DEFAULT NULL,
  `action` varchar(20) COLLATE utf8mb4_unicode_ci NOT NULL DEFAULT 'allow' COMMENT '命令过滤动作: block-阻断, allow-放行, warning-警告',
  PRIMARY KEY (`id`),
  KEY `idx_session_id` (`session_id`),
  KEY `idx_user_id` (`user_id`),
  KEY `idx_username` (`username`),
  KEY `idx_asset_id` (`asset_id`),
  KEY `idx_risk` (`risk`),
  KEY `idx_start_time` (`start_time`),
  KEY `idx_created_at` (`created_at`),
  KEY `idx_deleted_at` (`deleted_at`),
  KEY `idx_command_logs_action` (`action`),
  CONSTRAINT `fk_command_logs_asset` FOREIGN KEY (`asset_id`) REFERENCES `assets` (`id`) ON DELETE CASCADE,
  CONSTRAINT `fk_command_logs_user` FOREIGN KEY (`user_id`) REFERENCES `users` (`id`) ON DELETE CASCADE
) ENGINE=InnoDB AUTO_INCREMENT=42 DEFAULT CHARSET=utf8mb4 COLLATE=utf8mb4_unicode_ci COMMENT='命令日志表 - 记录用户在会话中执行的命令';
/*!40101 SET character_set_client = @saved_cs_client */;

--
-- Dumping data for table `command_logs`
--

LOCK TABLES `command_logs` WRITE;
/*!40000 ALTER TABLE `command_logs` DISABLE KEYS */;
INSERT INTO `command_logs` VALUES (39,'ssh-1754069696-8973048184410202982',1,'admin',1,'rm','Command blocked by filter rule',1,'low','2025-08-02 01:35:00',NULL,0,'2025-08-02 01:35:00','2025-08-02 01:35:00',NULL,'deny'),(40,'ssh-1754069696-8973048184410202982',1,'admin',1,'rm -rf *','Command blocked by filter rule',1,'high','2025-08-02 01:35:05',NULL,0,'2025-08-02 01:35:05','2025-08-02 01:35:05',NULL,'deny'),(41,'ssh-1754145853-3922781543550869906',1,'admin',1,'rm','Command blocked by filter rule',1,'low','2025-08-02 22:44:24',NULL,0,'2025-08-02 22:44:24','2025-08-02 22:44:24',NULL,'deny');
/*!40000 ALTER TABLE `command_logs` ENABLE KEYS */;
UNLOCK TABLES;

--
-- Table structure for table `command_policies_backup_20250130`
--

DROP TABLE IF EXISTS `command_policies_backup_20250130`;
/*!40101 SET @saved_cs_client     = @@character_set_client */;
/*!50503 SET character_set_client = utf8mb4 */;
CREATE TABLE `command_policies_backup_20250130` (
  `id` bigint unsigned NOT NULL DEFAULT '0',
  `name` varchar(100) CHARACTER SET utf8mb4 COLLATE utf8mb4_0900_ai_ci NOT NULL COMMENT '策略名称',
  `description` varchar(500) CHARACTER SET utf8mb4 COLLATE utf8mb4_0900_ai_ci DEFAULT NULL COMMENT '策略描述',
  `enabled` tinyint(1) DEFAULT '1' COMMENT '是否启用',
  `priority` int DEFAULT '50' COMMENT '优先级（预留字段）',
  `created_at` timestamp NULL DEFAULT CURRENT_TIMESTAMP,
  `updated_at` timestamp NULL DEFAULT CURRENT_TIMESTAMP ON UPDATE CURRENT_TIMESTAMP,
  `deleted_at` timestamp NULL DEFAULT NULL
) ENGINE=InnoDB DEFAULT CHARSET=utf8mb4 COLLATE=utf8mb4_unicode_ci;
/*!40101 SET character_set_client = @saved_cs_client */;

--
-- Dumping data for table `command_policies_backup_20250130`
--

LOCK TABLES `command_policies_backup_20250130` WRITE;
/*!40000 ALTER TABLE `command_policies_backup_20250130` DISABLE KEYS */;
INSERT INTO `command_policies_backup_20250130` VALUES (2,'测试拦截策略','用于测试命令拦截功能',1,50,'2025-07-28 17:57:56','2025-07-28 17:57:56',NULL),(3,'测试策略-用户绑定','用于测试用户绑定功能的策略',1,50,'2025-07-28 20:20:21','2025-07-28 20:31:31',NULL),(4,'正则表达式测试策略','用于测试正则表达式匹配功能',1,50,'2025-07-28 21:16:51','2025-07-28 21:16:51',NULL),(5,'正则表达式测试策略V2','专门用于测试正则表达式匹配功能',1,50,'2025-07-28 21:17:31','2025-07-28 21:17:31',NULL),(6,'正则表达式完整测试策略','用于全面测试正则表达式匹配功能',1,50,'2025-07-28 21:20:42','2025-07-28 21:20:43',NULL),(7,'性能测试策略_1','用于性能测试的策略 1',1,50,'2025-07-28 21:25:54','2025-07-28 21:25:54',NULL),(8,'性能测试策略_2','用于性能测试的策略 2',1,50,'2025-07-28 21:25:54','2025-07-28 21:25:54',NULL),(9,'性能测试策略_3','用于性能测试的策略 3',1,50,'2025-07-28 21:25:54','2025-07-28 21:25:54',NULL),(10,'性能测试策略_4','用于性能测试的策略 4',1,50,'2025-07-28 21:25:54','2025-07-28 21:25:54',NULL),(11,'性能测试策略_5','用于性能测试的策略 5',1,50,'2025-07-28 21:25:54','2025-07-28 21:25:54',NULL),(12,'性能测试策略_6','用于性能测试的策略 6',1,50,'2025-07-28 21:25:54','2025-07-28 13:25:58','2025-07-28 21:25:57'),(13,'性能测试策略_7','用于性能测试的策略 7',1,50,'2025-07-28 21:25:54','2025-07-28 13:25:58','2025-07-28 21:25:57'),(14,'性能测试策略_8','用于性能测试的策略 8',1,50,'2025-07-28 21:25:54','2025-07-28 13:25:58','2025-07-28 21:25:57'),(15,'性能测试策略_9','用于性能测试的策略 9',1,50,'2025-07-28 21:25:54','2025-07-28 13:25:58','2025-07-28 21:25:57'),(16,'性能测试策略_10','用于性能测试的策略 10',1,50,'2025-07-28 21:25:54','2025-07-28 13:25:58','2025-07-28 21:25:57'),(17,'tttttttt','',1,50,'2025-07-30 02:42:08','2025-07-30 02:42:15',NULL);
/*!40000 ALTER TABLE `command_policies_backup_20250130` ENABLE KEYS */;
UNLOCK TABLES;

--
-- Table structure for table `commands_backup_20250130`
--

DROP TABLE IF EXISTS `commands_backup_20250130`;
/*!40101 SET @saved_cs_client     = @@character_set_client */;
/*!50503 SET character_set_client = utf8mb4 */;
CREATE TABLE `commands_backup_20250130` (
  `id` bigint unsigned NOT NULL DEFAULT '0',
  `name` varchar(100) CHARACTER SET utf8mb4 COLLATE utf8mb4_0900_ai_ci NOT NULL COMMENT '命令名称或正则表达式',
  `type` varchar(20) CHARACTER SET utf8mb4 COLLATE utf8mb4_0900_ai_ci DEFAULT 'exact' COMMENT '匹配类型: exact-精确匹配, regex-正则表达式',
  `description` varchar(500) CHARACTER SET utf8mb4 COLLATE utf8mb4_0900_ai_ci DEFAULT NULL COMMENT '命令描述',
  `created_at` timestamp NULL DEFAULT CURRENT_TIMESTAMP,
  `updated_at` timestamp NULL DEFAULT CURRENT_TIMESTAMP ON UPDATE CURRENT_TIMESTAMP,
  `deleted_at` timestamp NULL DEFAULT NULL
) ENGINE=InnoDB DEFAULT CHARSET=utf8mb4 COLLATE=utf8mb4_unicode_ci;
/*!40101 SET character_set_client = @saved_cs_client */;

--
-- Dumping data for table `commands_backup_20250130`
--

LOCK TABLES `commands_backup_20250130` WRITE;
/*!40000 ALTER TABLE `commands_backup_20250130` DISABLE KEYS */;
INSERT INTO `commands_backup_20250130` VALUES (1,'shutdown','exact','关闭系统','2025-07-28 08:02:14','2025-07-28 08:02:14',NULL),(2,'reboot','exact','重启系统','2025-07-28 08:02:14','2025-07-28 08:02:14',NULL),(3,'init','exact','切换运行级别','2025-07-28 08:02:14','2025-07-28 08:02:14',NULL),(4,'halt','exact','停止系统','2025-07-28 08:02:14','2025-07-28 08:02:14',NULL),(5,'poweroff','exact','关闭电源','2025-07-28 08:02:14','2025-07-28 08:02:14',NULL),(6,'rm','exact','删除文件或目录','2025-07-28 08:02:14','2025-07-28 08:02:14',NULL),(7,'dd','exact','底层数据复制命令','2025-07-28 08:02:14','2025-07-28 08:02:14',NULL),(8,'mkfs','exact','创建文件系统','2025-07-28 08:02:14','2025-07-28 08:02:14',NULL),(9,'fdisk','exact','磁盘分区工具','2025-07-28 08:02:14','2025-07-28 08:02:14',NULL),(10,'ifconfig','exact','网络接口配置','2025-07-28 08:02:14','2025-07-28 08:02:14',NULL),(11,'iptables','exact','防火墙规则配置','2025-07-28 08:02:14','2025-07-28 08:02:14',NULL),(12,'route','exact','路由表配置','2025-07-28 08:02:14','2025-07-28 08:02:14',NULL),(13,'删除命令','exact','删除文件命令，危险操作','2025-07-28 17:36:48','2025-07-28 17:36:48',NULL),(14,'ls','exact','列出目录命令，用于测试','2025-07-28 19:00:10','2025-07-28 19:00:10',NULL),(15,'rm.*','regex','删除命令模式测试','2025-07-28 21:13:30','2025-07-28 21:13:30',NULL),(16,'sudo.*','regex','sudo命令模式测试','2025-07-28 21:14:15','2025-07-28 21:14:15',NULL),(17,'^ls$','regex','精确匹配ls命令','2025-07-28 21:15:19','2025-07-28 21:15:19',NULL),(21,'^shutdown','regex','关机命令开头匹配','2025-07-28 21:16:51','2025-07-28 21:16:51',NULL),(22,'reboot$','regex','重启命令结尾匹配','2025-07-28 21:16:51','2025-07-28 21:16:51',NULL),(23,'rm\\s+-[rf]+.*','regex','危险删除命令(带rf参数)','2025-07-28 21:20:42','2025-07-28 21:20:42',NULL),(24,'cat\\s+/etc/passwd','regex','读取passwd文件','2025-07-28 21:20:42','2025-07-28 21:20:42',NULL),(25,'\\w+\\s+/etc/(passwd|shadow|group)','regex','访问敏感系统文件','2025-07-28 21:20:42','2025-07-28 21:20:42',NULL),(26,'(wget|curl)\\s+.*http','regex','网络下载命令','2025-07-28 21:20:42','2025-07-28 21:20:42',NULL),(27,'chmod\\s+[0-7]{3,4}\\s+/','regex','修改根目录权限','2025-07-28 21:20:42','2025-07-28 21:20:42',NULL),(28,'find.*-exec.*rm','regex','find执行删除命令','2025-07-28 21:20:42','2025-07-28 21:20:42',NULL),(29,'rm.*_0','regex','性能测试命令 1','2025-07-28 21:25:53','2025-07-28 21:25:53',NULL),(30,'sudo.*_1','regex','性能测试命令 2','2025-07-28 21:25:53','2025-07-28 21:25:53',NULL),(31,'^shutdown.*_2','regex','性能测试命令 3','2025-07-28 21:25:53','2025-07-28 21:25:53',NULL),(32,'chmod.*777.*_3','regex','性能测试命令 4','2025-07-28 21:25:53','2025-07-28 21:25:53',NULL),(33,'.*passwd.*_4','regex','性能测试命令 5','2025-07-28 21:25:53','2025-07-28 21:25:53',NULL),(34,'find.*-exec.*rm.*_5','regex','性能测试命令 6','2025-07-28 21:25:53','2025-07-28 21:25:53',NULL),(35,'(wget|curl).*_6','regex','性能测试命令 7','2025-07-28 21:25:53','2025-07-28 21:25:53',NULL),(36,'dd.*of=/dev/.*_7','regex','性能测试命令 8','2025-07-28 21:25:53','2025-07-28 21:25:53',NULL),(37,'iptables.*-j.*DROP.*_8','regex','性能测试命令 9','2025-07-28 21:25:53','2025-07-28 21:25:53',NULL),(38,'mount.*_9','regex','性能测试命令 10','2025-07-28 21:25:53','2025-07-28 21:25:53',NULL),(39,'rm.*_10','regex','性能测试命令 11','2025-07-28 21:25:53','2025-07-28 21:25:53',NULL),(40,'sudo.*_11','regex','性能测试命令 12','2025-07-28 21:25:53','2025-07-28 21:25:53',NULL),(41,'^shutdown.*_12','regex','性能测试命令 13','2025-07-28 21:25:53','2025-07-28 21:25:53',NULL),(42,'chmod.*777.*_13','regex','性能测试命令 14','2025-07-28 21:25:53','2025-07-28 21:25:53',NULL),(43,'.*passwd.*_14','regex','性能测试命令 15','2025-07-28 21:25:53','2025-07-28 21:25:53',NULL),(44,'find.*-exec.*rm.*_15','regex','性能测试命令 16','2025-07-28 21:25:53','2025-07-28 21:25:53',NULL),(45,'(wget|curl).*_16','regex','性能测试命令 17','2025-07-28 21:25:53','2025-07-28 21:25:53',NULL),(46,'dd.*of=/dev/.*_17','regex','性能测试命令 18','2025-07-28 21:25:53','2025-07-28 21:25:53',NULL),(47,'iptables.*-j.*DROP.*_18','regex','性能测试命令 19','2025-07-28 21:25:53','2025-07-28 21:25:53',NULL),(48,'mount.*_19','regex','性能测试命令 20','2025-07-28 21:25:53','2025-07-28 21:25:53',NULL),(49,'rm.*_20','regex','性能测试命令 21','2025-07-28 21:25:53','2025-07-28 21:25:53',NULL),(50,'sudo.*_21','regex','性能测试命令 22','2025-07-28 21:25:53','2025-07-28 21:25:53',NULL),(51,'^shutdown.*_22','regex','性能测试命令 23','2025-07-28 21:25:53','2025-07-28 21:25:53',NULL),(52,'chmod.*777.*_23','regex','性能测试命令 24','2025-07-28 21:25:53','2025-07-28 21:25:53',NULL),(53,'.*passwd.*_24','regex','性能测试命令 25','2025-07-28 21:25:53','2025-07-28 21:25:53',NULL),(54,'find.*-exec.*rm.*_25','regex','性能测试命令 26','2025-07-28 21:25:53','2025-07-28 21:25:53',NULL),(55,'(wget|curl).*_26','regex','性能测试命令 27','2025-07-28 21:25:53','2025-07-28 21:25:53',NULL),(56,'dd.*of=/dev/.*_27','regex','性能测试命令 28','2025-07-28 21:25:53','2025-07-28 21:25:53',NULL),(57,'iptables.*-j.*DROP.*_28','regex','性能测试命令 29','2025-07-28 21:25:53','2025-07-28 21:25:53',NULL),(58,'mount.*_29','regex','性能测试命令 30','2025-07-28 21:25:53','2025-07-28 21:25:53',NULL),(59,'rm.*_30','regex','性能测试命令 31','2025-07-28 21:25:53','2025-07-28 21:25:53',NULL),(60,'sudo.*_31','regex','性能测试命令 32','2025-07-28 21:25:53','2025-07-28 21:25:53',NULL),(61,'^shutdown.*_32','regex','性能测试命令 33','2025-07-28 21:25:53','2025-07-28 21:25:53',NULL),(62,'chmod.*777.*_33','regex','性能测试命令 34','2025-07-28 21:25:53','2025-07-28 21:25:53',NULL),(63,'.*passwd.*_34','regex','性能测试命令 35','2025-07-28 21:25:53','2025-07-28 21:25:53',NULL),(64,'find.*-exec.*rm.*_35','regex','性能测试命令 36','2025-07-28 21:25:53','2025-07-28 21:25:53',NULL),(65,'(wget|curl).*_36','regex','性能测试命令 37','2025-07-28 21:25:53','2025-07-28 21:25:53',NULL),(66,'dd.*of=/dev/.*_37','regex','性能测试命令 38','2025-07-28 21:25:53','2025-07-28 21:25:53',NULL),(67,'iptables.*-j.*DROP.*_38','regex','性能测试命令 39','2025-07-28 21:25:53','2025-07-28 21:25:53',NULL),(68,'mount.*_39','regex','性能测试命令 40','2025-07-28 21:25:53','2025-07-28 21:25:53',NULL),(69,'rm.*_40','regex','性能测试命令 41','2025-07-28 21:25:53','2025-07-28 13:25:58','2025-07-28 21:25:57'),(70,'sudo.*_41','regex','性能测试命令 42','2025-07-28 21:25:54','2025-07-28 13:25:58','2025-07-28 21:25:57'),(71,'^shutdown.*_42','regex','性能测试命令 43','2025-07-28 21:25:54','2025-07-28 13:25:58','2025-07-28 21:25:57'),(72,'chmod.*777.*_43','regex','性能测试命令 44','2025-07-28 21:25:54','2025-07-28 13:25:58','2025-07-28 21:25:57'),(73,'.*passwd.*_44','regex','性能测试命令 45','2025-07-28 21:25:54','2025-07-28 13:25:58','2025-07-28 21:25:57'),(74,'find.*-exec.*rm.*_45','regex','性能测试命令 46','2025-07-28 21:25:54','2025-07-28 13:25:58','2025-07-28 21:25:57'),(75,'(wget|curl).*_46','regex','性能测试命令 47','2025-07-28 21:25:54','2025-07-28 13:25:58','2025-07-28 21:25:57'),(76,'dd.*of=/dev/.*_47','regex','性能测试命令 48','2025-07-28 21:25:54','2025-07-28 13:25:58','2025-07-28 21:25:57'),(77,'iptables.*-j.*DROP.*_48','regex','性能测试命令 49','2025-07-28 21:25:54','2025-07-28 13:25:58','2025-07-28 21:25:57'),(78,'mount.*_49','regex','性能测试命令 50','2025-07-28 21:25:54','2025-07-28 13:25:58','2025-07-28 21:25:57'),(79,'mysql','exact','MySQL数据库客户端','2025-07-28 21:34:35','2025-07-28 21:34:35',NULL),(80,'mysqldump','exact','MySQL数据导出','2025-07-28 21:34:35','2025-07-28 21:34:35',NULL),(81,'psql','exact','PostgreSQL数据库客户端','2025-07-28 21:34:35','2025-07-28 21:34:35',NULL),(82,'mongo','exact','MongoDB数据库客户端','2025-07-28 21:34:35','2025-07-28 21:34:35',NULL),(83,'redis-cli','exact','Redis数据库客户端','2025-07-28 21:34:35','2025-07-28 21:34:35',NULL),(84,'DROP.*','regex','SQL删除语句模式','2025-07-28 21:34:35','2025-07-28 21:34:35',NULL),(85,'DELETE.*','regex','SQL删除数据模式','2025-07-28 21:34:35','2025-07-28 21:34:35',NULL),(86,'TRUNCATE.*','regex','SQL清空表模式','2025-07-28 21:34:35','2025-07-28 21:34:35',NULL),(87,'kill','exact','终止进程','2025-07-28 21:34:35','2025-07-28 21:34:35',NULL),(88,'killall','exact','批量终止进程','2025-07-28 21:34:35','2025-07-28 21:34:35',NULL),(89,'pkill','exact','按名称终止进程','2025-07-28 21:34:35','2025-07-28 21:34:35',NULL),(90,'systemctl','exact','系统服务管理','2025-07-28 21:34:35','2025-07-28 21:34:35',NULL),(91,'service','exact','服务控制命令','2025-07-28 21:34:35','2025-07-28 21:34:35',NULL),(92,'crontab','exact','定时任务管理','2025-07-28 21:34:35','2025-07-28 21:34:35',NULL),(93,'kill.*-9.*','regex','强制终止进程模式','2025-07-28 21:34:35','2025-07-28 21:34:35',NULL),(94,'useradd','exact','添加用户','2025-07-28 21:34:35','2025-07-28 21:34:35',NULL),(95,'userdel','exact','删除用户','2025-07-28 21:34:35','2025-07-28 21:34:35',NULL),(96,'usermod','exact','修改用户','2025-07-28 21:34:35','2025-07-28 21:34:35',NULL),(97,'passwd','exact','修改密码','2025-07-28 21:34:35','2025-07-28 21:34:35',NULL),(98,'su','exact','切换用户','2025-07-28 21:34:35','2025-07-28 21:34:35',NULL),(99,'sudo','exact','以管理员权限执行','2025-07-28 21:34:35','2025-07-28 21:34:35',NULL),(100,'chmod','exact','修改文件权限','2025-07-28 21:34:35','2025-07-28 21:34:35',NULL),(101,'chown','exact','修改文件所有者','2025-07-28 21:34:36','2025-07-28 21:34:36',NULL),(102,'visudo','exact','编辑sudo配置','2025-07-28 21:34:36','2025-07-28 21:34:36',NULL),(103,'apt','exact','Debian/Ubuntu包管理器','2025-07-28 21:34:36','2025-07-28 21:34:36',NULL),(104,'apt-get','exact','APT包管理工具','2025-07-28 21:34:36','2025-07-28 21:34:36',NULL),(105,'yum','exact','RedHat/CentOS包管理器','2025-07-28 21:34:36','2025-07-28 21:34:36',NULL),(106,'dnf','exact','Fedora包管理器','2025-07-28 21:34:36','2025-07-28 21:34:36',NULL),(107,'rpm','exact','RPM包管理工具','2025-07-28 21:34:36','2025-07-28 21:34:36',NULL),(108,'pip','exact','Python包管理器','2025-07-28 21:34:36','2025-07-28 21:34:36',NULL),(109,'npm','exact','Node.js包管理器','2025-07-28 21:34:36','2025-07-28 21:34:36',NULL),(110,'docker','exact','Docker容器管理','2025-07-28 21:34:36','2025-07-28 21:34:36',NULL),(111,'nmap','exact','网络端口扫描','2025-07-28 21:34:36','2025-07-28 21:34:36',NULL),(112,'netcat','exact','网络连接工具','2025-07-28 21:34:36','2025-07-28 21:34:36',NULL),(113,'nc','exact','netcat简写','2025-07-28 21:34:36','2025-07-28 21:34:36',NULL),(114,'telnet','exact','远程登录协议','2025-07-28 21:34:36','2025-07-28 21:34:36',NULL),(115,'ftp','exact','文件传输协议','2025-07-28 21:34:36','2025-07-28 21:34:36',NULL),(116,'ssh','exact','安全外壳协议','2025-07-28 21:34:36','2025-07-28 21:34:36',NULL),(117,'scp','exact','安全复制协议','2025-07-28 21:34:36','2025-07-28 21:34:36',NULL),(118,'rsync','exact','远程同步工具','2025-07-28 21:34:36','2025-07-28 21:34:36',NULL),(119,'curl.*-X.*POST','regex','HTTP POST请求模式','2025-07-28 21:34:36','2025-07-28 21:34:36',NULL),(120,'wget.*--post-data','regex','wget POST请求模式','2025-07-28 21:34:36','2025-07-28 21:34:36',NULL),(121,'mount','exact','挂载文件系统','2025-07-28 21:34:36','2025-07-28 21:34:36',NULL),(122,'umount','exact','卸载文件系统','2025-07-28 21:34:36','2025-07-28 21:34:36',NULL),(123,'fsck','exact','文件系统检查','2025-07-28 21:34:36','2025-07-28 21:34:36',NULL),(124,'modprobe','exact','加载内核模块','2025-07-28 21:34:36','2025-07-28 21:34:36',NULL),(125,'insmod','exact','插入内核模块','2025-07-28 21:34:36','2025-07-28 21:34:36',NULL),(126,'rmmod','exact','删除内核模块','2025-07-28 21:34:36','2025-07-28 21:34:36',NULL),(127,'sysctl','exact','内核参数配置','2025-07-28 21:34:36','2025-07-28 21:34:36',NULL),(128,'echo.*>.*proc','regex','修改proc文件系统','2025-07-28 21:34:36','2025-07-28 21:34:36',NULL);
/*!40000 ALTER TABLE `commands_backup_20250130` ENABLE KEYS */;
UNLOCK TABLES;

--
-- Table structure for table `credentials`
--

DROP TABLE IF EXISTS `credentials`;
/*!40101 SET @saved_cs_client     = @@character_set_client */;
/*!50503 SET character_set_client = utf8mb4 */;
CREATE TABLE `credentials` (
  `id` bigint unsigned NOT NULL AUTO_INCREMENT,
  `name` varchar(100) CHARACTER SET utf8mb4 COLLATE utf8mb4_unicode_ci NOT NULL,
  `type` varchar(20) CHARACTER SET utf8mb4 COLLATE utf8mb4_unicode_ci NOT NULL DEFAULT 'password' COMMENT '凭证类型: password, key',
  `username` varchar(100) CHARACTER SET utf8mb4 COLLATE utf8mb4_unicode_ci DEFAULT NULL,
  `password` varchar(255) CHARACTER SET utf8mb4 COLLATE utf8mb4_unicode_ci DEFAULT NULL,
  `private_key` text CHARACTER SET utf8mb4 COLLATE utf8mb4_unicode_ci,
  `created_at` timestamp NULL DEFAULT CURRENT_TIMESTAMP,
  `updated_at` timestamp NULL DEFAULT CURRENT_TIMESTAMP ON UPDATE CURRENT_TIMESTAMP,
  `deleted_at` timestamp NULL DEFAULT NULL,
  PRIMARY KEY (`id`),
  KEY `idx_type` (`type`),
  KEY `idx_deleted_at` (`deleted_at`)
) ENGINE=InnoDB AUTO_INCREMENT=2 DEFAULT CHARSET=utf8mb4 COLLATE=utf8mb4_unicode_ci COMMENT='凭证表 - 存储访问资产的认证信息';
/*!40101 SET character_set_client = @saved_cs_client */;

--
-- Dumping data for table `credentials`
--

LOCK TABLES `credentials` WRITE;
/*!40000 ALTER TABLE `credentials` DISABLE KEYS */;
INSERT INTO `credentials` VALUES (1,'管理员','password','root','igsPz4zo3vszSMbtVBrWNRuPlR/qdrWcOHF+WhTZwg==','','2025-07-19 16:51:29','2025-07-21 19:39:22',NULL);
/*!40000 ALTER TABLE `credentials` ENABLE KEYS */;
UNLOCK TABLES;

--
-- Table structure for table `filter_assets`
--

DROP TABLE IF EXISTS `filter_assets`;
/*!40101 SET @saved_cs_client     = @@character_set_client */;
/*!50503 SET character_set_client = utf8mb4 */;
CREATE TABLE `filter_assets` (
  `filter_id` bigint unsigned NOT NULL COMMENT '过滤规则ID',
  `asset_id` bigint unsigned NOT NULL COMMENT '资产ID',
  PRIMARY KEY (`filter_id`,`asset_id`),
  KEY `idx_asset_id` (`asset_id`),
  CONSTRAINT `fk_fa_asset` FOREIGN KEY (`asset_id`) REFERENCES `assets` (`id`) ON DELETE CASCADE,
  CONSTRAINT `fk_fa_filter` FOREIGN KEY (`filter_id`) REFERENCES `command_filters` (`id`) ON DELETE CASCADE
) ENGINE=InnoDB DEFAULT CHARSET=utf8mb4 COLLATE=utf8mb4_0900_ai_ci COMMENT='过滤规则资产关联表';
/*!40101 SET character_set_client = @saved_cs_client */;

--
-- Dumping data for table `filter_assets`
--

LOCK TABLES `filter_assets` WRITE;
/*!40000 ALTER TABLE `filter_assets` DISABLE KEYS */;
INSERT INTO `filter_assets` VALUES (5,1);
/*!40000 ALTER TABLE `filter_assets` ENABLE KEYS */;
UNLOCK TABLES;

--
-- Table structure for table `filter_attributes`
--

DROP TABLE IF EXISTS `filter_attributes`;
/*!40101 SET @saved_cs_client     = @@character_set_client */;
/*!50503 SET character_set_client = utf8mb4 */;
CREATE TABLE `filter_attributes` (
  `id` bigint unsigned NOT NULL AUTO_INCREMENT,
  `filter_id` bigint unsigned NOT NULL COMMENT '过滤规则ID',
  `target_type` varchar(20) NOT NULL COMMENT '目标类型: user-用户属性, asset-资产属性',
  `attribute_name` varchar(50) NOT NULL COMMENT '属性名称',
  `attribute_value` varchar(200) NOT NULL COMMENT '属性值',
  PRIMARY KEY (`id`),
  KEY `idx_filter_id` (`filter_id`),
  KEY `idx_target_attribute` (`target_type`,`attribute_name`),
  CONSTRAINT `fk_fattr_filter` FOREIGN KEY (`filter_id`) REFERENCES `command_filters` (`id`) ON DELETE CASCADE
) ENGINE=InnoDB DEFAULT CHARSET=utf8mb4 COLLATE=utf8mb4_0900_ai_ci COMMENT='过滤规则属性表';
/*!40101 SET character_set_client = @saved_cs_client */;

--
-- Dumping data for table `filter_attributes`
--

LOCK TABLES `filter_attributes` WRITE;
/*!40000 ALTER TABLE `filter_attributes` DISABLE KEYS */;
/*!40000 ALTER TABLE `filter_attributes` ENABLE KEYS */;
UNLOCK TABLES;

--
-- Table structure for table `filter_users`
--

DROP TABLE IF EXISTS `filter_users`;
/*!40101 SET @saved_cs_client     = @@character_set_client */;
/*!50503 SET character_set_client = utf8mb4 */;
CREATE TABLE `filter_users` (
  `filter_id` bigint unsigned NOT NULL COMMENT '过滤规则ID',
  `user_id` bigint unsigned NOT NULL COMMENT '用户ID',
  PRIMARY KEY (`filter_id`,`user_id`),
  KEY `idx_user_id` (`user_id`),
  CONSTRAINT `fk_fu_filter` FOREIGN KEY (`filter_id`) REFERENCES `command_filters` (`id`) ON DELETE CASCADE,
  CONSTRAINT `fk_fu_user` FOREIGN KEY (`user_id`) REFERENCES `users` (`id`) ON DELETE CASCADE
) ENGINE=InnoDB DEFAULT CHARSET=utf8mb4 COLLATE=utf8mb4_0900_ai_ci COMMENT='过滤规则用户关联表';
/*!40101 SET character_set_client = @saved_cs_client */;

--
-- Dumping data for table `filter_users`
--

LOCK TABLES `filter_users` WRITE;
/*!40000 ALTER TABLE `filter_users` DISABLE KEYS */;
INSERT INTO `filter_users` VALUES (5,1);
/*!40000 ALTER TABLE `filter_users` ENABLE KEYS */;
UNLOCK TABLES;

--
-- Table structure for table `login_logs`
--

DROP TABLE IF EXISTS `login_logs`;
/*!40101 SET @saved_cs_client     = @@character_set_client */;
/*!50503 SET character_set_client = utf8mb4 */;
CREATE TABLE `login_logs` (
  `id` bigint unsigned NOT NULL AUTO_INCREMENT,
  `user_id` bigint unsigned NOT NULL,
  `username` varchar(50) CHARACTER SET utf8mb4 COLLATE utf8mb4_unicode_ci NOT NULL,
  `ip` varchar(45) CHARACTER SET utf8mb4 COLLATE utf8mb4_unicode_ci NOT NULL,
  `user_agent` text CHARACTER SET utf8mb4 COLLATE utf8mb4_unicode_ci,
  `method` varchar(10) CHARACTER SET utf8mb4 COLLATE utf8mb4_unicode_ci DEFAULT 'web',
  `status` varchar(20) CHARACTER SET utf8mb4 COLLATE utf8mb4_unicode_ci NOT NULL COMMENT 'success, failed, logout',
  `message` text CHARACTER SET utf8mb4 COLLATE utf8mb4_unicode_ci,
  `created_at` timestamp NULL DEFAULT CURRENT_TIMESTAMP,
  `updated_at` timestamp NULL DEFAULT CURRENT_TIMESTAMP ON UPDATE CURRENT_TIMESTAMP,
  `deleted_at` timestamp NULL DEFAULT NULL,
  PRIMARY KEY (`id`),
  KEY `idx_user_id` (`user_id`),
  KEY `idx_username` (`username`),
  KEY `idx_ip` (`ip`),
  KEY `idx_status` (`status`),
  KEY `idx_created_at` (`created_at`),
  KEY `idx_deleted_at` (`deleted_at`),
  CONSTRAINT `fk_login_logs_user` FOREIGN KEY (`user_id`) REFERENCES `users` (`id`) ON DELETE CASCADE
) ENGINE=InnoDB AUTO_INCREMENT=284 DEFAULT CHARSET=utf8mb4 COLLATE=utf8mb4_unicode_ci COMMENT='登录日志表 - 记录用户登录、登出和登录失败记录';
/*!40101 SET character_set_client = @saved_cs_client */;

--
-- Dumping data for table `login_logs`
--

LOCK TABLES `login_logs` WRITE;
/*!40000 ALTER TABLE `login_logs` DISABLE KEYS */;
INSERT INTO `login_logs` VALUES (1,1,'admin','127.0.0.1','Mozilla/5.0 (Macintosh; Intel Mac OS X 10_15_7) AppleWebKit/537.36 (KHTML, like Gecko) Chrome/138.0.0.0 Safari/537.36','web','logout','User logged out successfully','2025-07-19 16:50:22','2025-07-19 16:50:22',NULL),(2,1,'admin','127.0.0.1','Mozilla/5.0 (Macintosh; Intel Mac OS X 10_15_7) AppleWebKit/537.36 (KHTML, like Gecko) Chrome/138.0.0.0 Safari/537.36','web','success','Login successful','2025-07-19 16:50:27','2025-07-19 16:50:27',NULL),(5,1,'admin','::1','curl/8.7.1','web','success','Login successful','2025-07-20 02:26:36','2025-07-20 02:26:36',NULL),(6,1,'admin','::1','curl/8.7.1','web','success','Login successful','2025-07-20 12:55:09','2025-07-20 12:55:09',NULL),(7,1,'admin','::1','curl/8.7.1','web','success','Login successful','2025-07-20 13:17:37','2025-07-20 13:17:37',NULL),(8,1,'admin','::1','curl/8.7.1','web','success','Login successful','2025-07-20 13:18:39','2025-07-20 13:18:39',NULL),(9,1,'admin','::1','curl/8.7.1','web','success','Login successful','2025-07-20 13:19:24','2025-07-20 13:19:24',NULL),(10,1,'admin','::1','curl/8.7.1','web','success','Login successful','2025-07-20 13:20:39','2025-07-20 13:20:39',NULL),(11,1,'admin','::1','curl/8.7.1','web','success','Login successful','2025-07-20 13:27:56','2025-07-20 13:27:56',NULL),(12,1,'admin','::1','curl/8.7.1','web','success','Login successful','2025-07-20 13:28:14','2025-07-20 13:28:14',NULL),(13,1,'admin','::1','curl/8.7.1','web','success','Login successful','2025-07-20 13:28:45','2025-07-20 13:28:45',NULL),(14,1,'admin','::1','curl/8.7.1','web','success','Login successful','2025-07-20 13:29:10','2025-07-20 13:29:10',NULL),(15,1,'admin','::1','curl/8.7.1','web','success','Login successful','2025-07-20 13:29:26','2025-07-20 13:29:26',NULL),(16,1,'admin','::1','curl/8.7.1','web','success','Login successful','2025-07-20 13:32:54','2025-07-20 13:32:54',NULL),(17,1,'admin','::1','curl/8.7.1','web','success','Login successful','2025-07-20 13:33:03','2025-07-20 13:33:03',NULL),(18,1,'admin','::1','curl/8.7.1','web','success','Login successful','2025-07-20 13:34:01','2025-07-20 13:34:01',NULL),(19,1,'admin','::1','curl/8.7.1','web','success','Login successful','2025-07-20 13:34:08','2025-07-20 13:34:08',NULL),(20,1,'admin','::1','curl/8.7.1','web','success','Login successful','2025-07-20 13:34:17','2025-07-20 13:34:17',NULL),(22,1,'admin','127.0.0.1','Mozilla/5.0 (Macintosh; Intel Mac OS X 10_15_7) AppleWebKit/537.36 (KHTML, like Gecko) Chrome/138.0.0.0 Safari/537.36','web','success','Login successful','2025-07-20 16:53:27','2025-07-20 16:53:27',NULL),(23,1,'admin','127.0.0.1','Mozilla/5.0 (Macintosh; Intel Mac OS X 10_15_7) AppleWebKit/537.36 (KHTML, like Gecko) Chrome/138.0.0.0 Safari/537.36','web','success','Login successful','2025-07-21 12:11:38','2025-07-21 12:11:38',NULL),(24,1,'admin','::1','curl/8.7.1','web','success','Login successful','2025-07-21 17:51:44','2025-07-21 17:51:44',NULL),(25,1,'admin','::1','curl/8.7.1','web','success','Login successful','2025-07-21 18:00:14','2025-07-21 18:00:14',NULL),(26,1,'admin','::1','curl/8.7.1','web','success','Login successful','2025-07-21 18:00:28','2025-07-21 18:00:28',NULL),(27,1,'admin','::1','curl/8.7.1','web','success','Login successful','2025-07-21 18:05:40','2025-07-21 18:05:40',NULL),(28,1,'admin','::1','curl/8.7.1','web','success','Login successful','2025-07-21 18:05:48','2025-07-21 18:05:48',NULL),(29,1,'admin','::1','curl/8.7.1','web','success','Login successful','2025-07-21 18:06:13','2025-07-21 18:06:13',NULL),(30,1,'admin','::1','curl/8.7.1','web','success','Login successful','2025-07-21 18:08:03','2025-07-21 18:08:03',NULL),(31,1,'admin','::1','curl/8.7.1','web','success','Login successful','2025-07-21 18:08:13','2025-07-21 18:08:13',NULL),(32,1,'admin','::1','curl/8.7.1','web','success','Login successful','2025-07-21 18:08:23','2025-07-21 18:08:23',NULL),(33,1,'admin','::1','curl/8.7.1','web','success','Login successful','2025-07-21 18:09:13','2025-07-21 18:09:13',NULL),(34,1,'admin','::1','curl/8.7.1','web','success','Login successful','2025-07-21 18:16:50','2025-07-21 18:16:50',NULL),(35,1,'admin','::1','curl/8.7.1','web','success','Login successful','2025-07-21 18:20:02','2025-07-21 18:20:02',NULL),(36,1,'admin','::1','curl/8.7.1','web','success','Login successful','2025-07-21 18:20:49','2025-07-21 18:20:49',NULL),(37,1,'admin','::1','curl/8.7.1','web','success','Login successful','2025-07-21 18:21:32','2025-07-21 18:21:32',NULL),(38,1,'admin','::1','curl/8.7.1','web','success','Login successful','2025-07-21 18:24:16','2025-07-21 18:24:16',NULL),(39,1,'admin','::1','curl/8.7.1','web','success','Login successful','2025-07-21 18:24:31','2025-07-21 18:24:31',NULL),(40,1,'admin','::1','curl/8.7.1','web','success','Login successful','2025-07-21 18:25:13','2025-07-21 18:25:13',NULL),(41,1,'admin','::1','curl/8.7.1','web','success','Login successful','2025-07-21 18:27:51','2025-07-21 18:27:51',NULL),(42,1,'admin','::1','curl/8.7.1','web','success','Login successful','2025-07-21 18:28:09','2025-07-21 18:28:09',NULL),(43,1,'admin','::1','curl/8.7.1','web','success','Login successful','2025-07-21 18:30:35','2025-07-21 18:30:35',NULL),(44,1,'admin','::1','curl/8.7.1','web','success','Login successful','2025-07-21 18:40:44','2025-07-21 18:40:44',NULL),(45,1,'admin','::1','curl/8.7.1','web','success','Login successful','2025-07-21 18:41:12','2025-07-21 18:41:12',NULL),(46,1,'admin','::1','curl/8.7.1','web','success','Login successful','2025-07-21 19:02:06','2025-07-21 19:02:06',NULL),(47,1,'admin','::1','curl/8.7.1','web','success','Login successful','2025-07-21 19:27:27','2025-07-21 19:27:27',NULL),(48,1,'admin','::1','curl/8.7.1','web','success','Login successful','2025-07-21 19:28:20','2025-07-21 19:28:20',NULL),(49,1,'admin','::1','curl/8.7.1','web','success','Login successful','2025-07-21 19:30:13','2025-07-21 19:30:13',NULL),(50,1,'admin','::1','curl/8.7.1','web','success','Login successful','2025-07-21 19:32:01','2025-07-21 19:32:01',NULL),(51,1,'admin','::1','curl/8.7.1','web','success','Login successful','2025-07-21 19:33:56','2025-07-21 19:33:56',NULL),(52,1,'admin','::1','curl/8.7.1','web','success','Login successful','2025-07-21 19:34:22','2025-07-21 19:34:22',NULL),(53,1,'admin','::1','curl/8.7.1','web','success','Login successful','2025-07-21 19:35:29','2025-07-21 19:35:29',NULL),(54,1,'admin','::1','curl/8.7.1','web','success','Login successful','2025-07-21 19:44:31','2025-07-21 19:44:31',NULL),(55,1,'admin','::1','curl/8.7.1','web','success','Login successful','2025-07-21 19:55:58','2025-07-21 19:55:58',NULL),(56,1,'admin','::1','curl/8.7.1','web','success','Login successful','2025-07-21 19:56:10','2025-07-21 19:56:10',NULL),(57,1,'admin','::1','curl/8.7.1','web','success','Login successful','2025-07-21 19:56:17','2025-07-21 19:56:17',NULL),(58,1,'admin','::1','curl/8.7.1','web','success','Login successful','2025-07-21 20:01:18','2025-07-21 20:01:18',NULL),(59,1,'admin','::1','curl/8.7.1','web','success','Login successful','2025-07-21 20:01:30','2025-07-21 20:01:30',NULL),(60,1,'admin','::1','curl/8.7.1','web','success','Login successful','2025-07-21 20:01:39','2025-07-21 20:01:39',NULL),(61,1,'admin','::1','curl/8.7.1','web','success','Login successful','2025-07-21 20:01:46','2025-07-21 20:01:46',NULL),(62,1,'admin','::1','curl/8.7.1','web','success','Login successful','2025-07-21 20:02:05','2025-07-21 20:02:05',NULL),(63,1,'admin','::1','curl/8.7.1','web','success','Login successful','2025-07-21 20:03:07','2025-07-21 20:03:07',NULL),(64,1,'admin','::1','curl/8.7.1','web','success','Login successful','2025-07-21 20:03:40','2025-07-21 20:03:40',NULL),(65,1,'admin','::1','curl/8.7.1','web','success','Login successful','2025-07-21 20:04:03','2025-07-21 20:04:03',NULL),(66,1,'admin','::1','curl/8.7.1','web','success','Login successful','2025-07-21 20:04:55','2025-07-21 20:04:55',NULL),(67,1,'admin','::1','curl/8.7.1','web','success','Login successful','2025-07-21 20:15:51','2025-07-21 20:15:51',NULL),(68,1,'admin','::1','curl/8.7.1','web','success','Login successful','2025-07-21 20:16:40','2025-07-21 20:16:40',NULL),(69,1,'admin','::1','curl/8.7.1','web','success','Login successful','2025-07-21 20:39:00','2025-07-21 20:39:00',NULL),(70,1,'admin','::1','curl/8.7.1','web','success','Login successful','2025-07-21 20:39:33','2025-07-21 20:39:33',NULL),(71,1,'admin','::1','curl/8.7.1','web','success','Login successful','2025-07-21 20:44:57','2025-07-21 20:44:57',NULL),(72,1,'admin','::1','curl/8.7.1','web','success','Login successful','2025-07-21 20:58:22','2025-07-21 20:58:22',NULL),(73,1,'admin','::1','curl/8.7.1','web','success','Login successful','2025-07-21 20:58:58','2025-07-21 20:58:58',NULL),(74,1,'admin','::1','curl/8.7.1','web','success','Login successful','2025-07-21 21:03:55','2025-07-21 21:03:55',NULL),(75,1,'admin','::1','curl/8.7.1','web','success','Login successful','2025-07-21 21:10:59','2025-07-21 21:10:59',NULL),(76,1,'admin','::1','curl/8.7.1','web','success','Login successful','2025-07-21 21:12:36','2025-07-21 21:12:36',NULL),(77,1,'admin','::1','curl/8.7.1','web','success','Login successful','2025-07-21 21:17:27','2025-07-21 21:17:27',NULL),(78,1,'admin','::1','curl/8.7.1','web','success','Login successful','2025-07-21 21:18:25','2025-07-21 21:18:25',NULL),(79,1,'admin','::1','curl/8.7.1','web','success','Login successful','2025-07-21 21:21:02','2025-07-21 21:21:02',NULL),(80,1,'admin','::1','curl/8.7.1','web','success','Login successful','2025-07-21 21:21:11','2025-07-21 21:21:11',NULL),(81,1,'admin','::1','curl/8.7.1','web','success','Login successful','2025-07-21 21:21:39','2025-07-21 21:21:39',NULL),(82,1,'admin','::1','curl/8.7.1','web','success','Login successful','2025-07-21 21:22:11','2025-07-21 21:22:11',NULL),(83,1,'admin','::1','curl/8.7.1','web','success','Login successful','2025-07-21 21:22:32','2025-07-21 21:22:32',NULL),(84,1,'admin','::1','curl/8.7.1','web','success','Login successful','2025-07-21 21:22:50','2025-07-21 21:22:50',NULL),(85,1,'admin','::1','curl/8.7.1','web','success','Login successful','2025-07-21 22:16:34','2025-07-21 22:16:34',NULL),(86,1,'admin','::1','curl/8.7.1','web','success','Login successful','2025-07-21 22:16:41','2025-07-21 22:16:41',NULL),(87,1,'admin','::1','curl/8.7.1','web','success','Login successful','2025-07-21 22:16:50','2025-07-21 22:16:50',NULL),(88,1,'admin','::1','curl/8.7.1','web','success','Login successful','2025-07-21 22:17:14','2025-07-21 22:17:14',NULL),(89,1,'admin','::1','curl/8.7.1','web','success','Login successful','2025-07-21 22:18:03','2025-07-21 22:18:03',NULL),(90,1,'admin','::1','curl/8.7.1','web','success','Login successful','2025-07-21 22:20:11','2025-07-21 22:20:11',NULL),(91,1,'admin','::1','curl/8.7.1','web','success','Login successful','2025-07-21 22:32:06','2025-07-21 22:32:06',NULL),(92,1,'admin','::1','curl/8.7.1','web','success','Login successful','2025-07-22 00:15:33','2025-07-22 00:15:33',NULL),(93,1,'admin','::1','curl/8.7.1','web','success','Login successful','2025-07-22 00:15:42','2025-07-22 00:15:42',NULL),(94,1,'admin','::1','curl/8.7.1','web','success','Login successful','2025-07-22 00:16:24','2025-07-22 00:16:24',NULL),(95,1,'admin','::1','curl/8.7.1','web','success','Login successful','2025-07-22 00:21:25','2025-07-22 00:21:25',NULL),(96,1,'admin','::1','curl/8.7.1','web','success','Login successful','2025-07-22 00:22:08','2025-07-22 00:22:08',NULL),(97,1,'admin','::1','curl/8.7.1','web','success','Login successful','2025-07-22 01:10:58','2025-07-22 01:10:58',NULL),(98,1,'admin','::1','curl/8.7.1','web','success','Login successful','2025-07-22 01:12:47','2025-07-22 01:12:47',NULL),(99,1,'admin','::1','curl/8.7.1','web','success','Login successful','2025-07-22 01:13:00','2025-07-22 01:13:00',NULL),(100,1,'admin','::1','curl/8.7.1','web','success','Login successful','2025-07-22 01:13:15','2025-07-22 01:13:15',NULL),(101,1,'admin','::1','curl/8.7.1','web','success','Login successful','2025-07-22 01:13:23','2025-07-22 01:13:23',NULL),(102,1,'admin','::1','curl/8.7.1','web','success','Login successful','2025-07-22 01:13:34','2025-07-22 01:13:34',NULL),(103,1,'admin','::1','curl/8.7.1','web','success','Login successful','2025-07-22 01:14:17','2025-07-22 01:14:17',NULL),(104,1,'admin','::1','curl/8.7.1','web','success','Login successful','2025-07-22 01:15:40','2025-07-22 01:15:40',NULL),(105,1,'admin','::1','curl/8.7.1','web','success','Login successful','2025-07-22 01:15:48','2025-07-22 01:15:48',NULL),(106,1,'admin','::1','curl/8.7.1','web','success','Login successful','2025-07-22 01:28:40','2025-07-22 01:28:40',NULL),(107,3,'test_user_audit_1753118919','::1','curl/8.7.1','web','success','Login successful','2025-07-22 01:28:40','2025-07-22 01:28:40',NULL),(108,1,'admin','::1','curl/8.7.1','web','success','Login successful','2025-07-22 01:29:28','2025-07-22 01:29:28',NULL),(110,1,'admin','::1','curl/8.7.1','web','success','Login successful','2025-07-22 01:29:39','2025-07-22 01:29:39',NULL),(112,1,'admin','::1','curl/8.7.1','web','success','Login successful','2025-07-22 01:30:00','2025-07-22 01:30:00',NULL),(113,1,'admin','::1','curl/8.7.1','web','success','Login successful','2025-07-22 01:30:00','2025-07-22 01:30:00',NULL),(114,1,'admin','::1','curl/8.7.1','web','success','Login successful','2025-07-22 01:31:47','2025-07-22 01:31:47',NULL),(117,1,'admin','::1','curl/8.7.1','web','success','Login successful','2025-07-22 01:32:02','2025-07-22 01:32:02',NULL),(118,1,'admin','::1','curl/8.7.1','web','success','Login successful','2025-07-22 01:38:43','2025-07-22 01:38:43',NULL),(119,1,'admin','::1','curl/8.7.1','web','success','Login successful','2025-07-22 01:39:03','2025-07-22 01:39:03',NULL),(120,1,'admin','::1','curl/8.7.1','web','success','Login successful','2025-07-22 01:41:49','2025-07-22 01:41:49',NULL),(121,1,'admin','::1','curl/8.7.1','web','success','Login successful','2025-07-22 05:44:36','2025-07-22 05:44:36',NULL),(122,1,'admin','::1','curl/8.7.1','web','success','Login successful','2025-07-22 05:44:46','2025-07-22 05:44:46',NULL),(123,1,'admin','::1','curl/8.7.1','web','success','Login successful','2025-07-22 05:45:08','2025-07-22 05:45:08',NULL),(124,1,'admin','::1','curl/8.7.1','web','success','Login successful','2025-07-22 05:45:23','2025-07-22 05:45:23',NULL),(125,1,'admin','::1','curl/8.7.1','web','success','Login successful','2025-07-22 05:45:38','2025-07-22 05:45:38',NULL),(126,1,'admin','::1','curl/8.7.1','web','success','Login successful','2025-07-22 05:45:55','2025-07-22 05:45:55',NULL),(127,1,'admin','::1','curl/8.7.1','web','success','Login successful','2025-07-22 05:46:57','2025-07-22 05:46:57',NULL),(128,1,'admin','::1','curl/8.7.1','web','success','Login successful','2025-07-22 05:51:29','2025-07-22 05:51:29',NULL),(129,1,'admin','::1','curl/8.7.1','web','success','Login successful','2025-07-22 05:56:31','2025-07-22 05:56:31',NULL),(130,1,'admin','::1','curl/8.7.1','web','success','Login successful','2025-07-22 05:56:45','2025-07-22 05:56:45',NULL),(131,1,'admin','::1','curl/8.7.1','web','success','Login successful','2025-07-22 05:57:03','2025-07-22 05:57:03',NULL),(132,1,'admin','::1','curl/8.7.1','web','success','Login successful','2025-07-22 06:01:26','2025-07-22 06:01:26',NULL),(133,1,'admin','::1','curl/8.7.1','web','success','Login successful','2025-07-22 06:01:26','2025-07-22 06:01:26',NULL),(134,1,'admin','::1','curl/8.7.1','web','success','Login successful','2025-07-22 06:02:12','2025-07-22 06:02:12',NULL),(135,1,'admin','::1','curl/8.7.1','web','success','Login successful','2025-07-22 06:03:30','2025-07-22 06:03:30',NULL),(136,1,'admin','::1','curl/8.7.1','web','success','Login successful','2025-07-22 06:03:41','2025-07-22 06:03:41',NULL),(137,1,'admin','::1','curl/8.7.1','web','success','Login successful','2025-07-22 06:03:52','2025-07-22 06:03:52',NULL),(138,1,'admin','::1','curl/8.7.1','web','success','Login successful','2025-07-22 06:04:27','2025-07-22 06:04:27',NULL),(139,1,'admin','::1','curl/8.7.1','web','success','Login successful','2025-07-22 06:06:28','2025-07-22 06:06:28',NULL),(140,1,'admin','::1','curl/8.7.1','web','success','Login successful','2025-07-22 06:08:24','2025-07-22 06:08:24',NULL),(141,1,'admin','::1','curl/8.7.1','web','success','Login successful','2025-07-22 07:17:35','2025-07-22 07:17:35',NULL),(142,1,'admin','::1','curl/8.7.1','web','success','Login successful','2025-07-22 07:17:53','2025-07-22 07:17:53',NULL),(143,1,'admin','::1','curl/8.7.1','web','success','Login successful','2025-07-22 07:18:05','2025-07-22 07:18:05',NULL),(144,1,'admin','::1','curl/8.7.1','web','success','Login successful','2025-07-22 07:18:13','2025-07-22 07:18:13',NULL),(145,1,'admin','::1','curl/8.7.1','web','success','Login successful','2025-07-22 11:22:12','2025-07-22 11:22:12',NULL),(146,1,'admin','::1','curl/8.7.1','web','success','Login successful','2025-07-22 12:51:23','2025-07-22 12:51:23',NULL),(147,1,'admin','::1','curl/8.7.1','web','success','Login successful','2025-07-22 12:52:12','2025-07-22 12:52:12',NULL),(148,1,'admin','::1','curl/8.7.1','web','success','Login successful','2025-07-22 12:52:35','2025-07-22 12:52:35',NULL),(149,1,'admin','::1','curl/8.7.1','web','success','Login successful','2025-07-22 12:53:36','2025-07-22 12:53:36',NULL),(150,1,'admin','::1','curl/8.7.1','web','success','Login successful','2025-07-22 12:53:49','2025-07-22 12:53:49',NULL),(151,1,'admin','::1','curl/8.7.1','web','success','Login successful','2025-07-22 12:57:14','2025-07-22 12:57:14',NULL),(152,1,'admin','::1','curl/8.7.1','web','success','Login successful','2025-07-22 12:57:46','2025-07-22 12:57:46',NULL),(153,1,'admin','::1','curl/8.7.1','web','success','Login successful','2025-07-22 12:58:07','2025-07-22 12:58:07',NULL),(154,1,'admin','::1','curl/8.7.1','web','success','Login successful','2025-07-22 12:58:20','2025-07-22 12:58:20',NULL),(155,1,'admin','::1','curl/8.7.1','web','success','Login successful','2025-07-22 12:59:33','2025-07-22 12:59:33',NULL),(156,1,'admin','::1','curl/8.7.1','web','success','Login successful','2025-07-22 13:01:46','2025-07-22 13:01:46',NULL),(157,1,'admin','::1','curl/8.7.1','web','success','Login successful','2025-07-22 13:02:06','2025-07-22 13:02:06',NULL),(158,1,'admin','::1','curl/8.7.1','web','success','Login successful','2025-07-22 16:18:21','2025-07-22 16:18:21',NULL),(159,1,'admin','::1','curl/8.7.1','web','success','Login successful','2025-07-22 16:19:00','2025-07-22 16:19:00',NULL),(160,1,'admin','::1','curl/8.7.1','web','success','Login successful','2025-07-22 16:19:13','2025-07-22 16:19:13',NULL),(161,1,'admin','::1','curl/8.7.1','web','success','Login successful','2025-07-22 16:20:29','2025-07-22 16:20:29',NULL),(162,1,'admin','127.0.0.1','Mozilla/5.0 (Macintosh; Intel Mac OS X 10_15_7) AppleWebKit/537.36 (KHTML, like Gecko) Chrome/138.0.0.0 Safari/537.36','web','success','Login successful','2025-07-22 16:23:29','2025-07-22 16:23:29',NULL),(163,1,'admin','::1','curl/8.7.1','web','success','Login successful','2025-07-22 16:25:37','2025-07-22 16:25:37',NULL),(164,1,'admin','::1','curl/8.7.1','web','success','Login successful','2025-07-22 16:30:04','2025-07-22 16:30:04',NULL),(165,1,'admin','::1','curl/8.7.1','web','success','Login successful','2025-07-22 16:31:25','2025-07-22 16:31:25',NULL),(166,1,'admin','::1','curl/8.7.1','web','success','Login successful','2025-07-22 16:34:40','2025-07-22 16:34:40',NULL),(167,1,'admin','::1','curl/8.7.1','web','success','Login successful','2025-07-22 16:38:19','2025-07-22 16:38:19',NULL),(168,1,'admin','::1','curl/8.7.1','web','success','Login successful','2025-07-22 16:39:07','2025-07-22 16:39:07',NULL),(169,1,'admin','::1','curl/8.7.1','web','success','Login successful','2025-07-22 21:22:22','2025-07-22 21:22:22',NULL),(170,1,'admin','::1','curl/8.7.1','web','success','Login successful','2025-07-22 21:23:01','2025-07-22 21:23:01',NULL),(171,1,'admin','::1','curl/8.7.1','web','success','Login successful','2025-07-22 21:23:25','2025-07-22 21:23:25',NULL),(172,1,'admin','::1','curl/8.7.1','web','success','Login successful','2025-07-22 21:23:53','2025-07-22 21:23:53',NULL),(173,1,'admin','::1','curl/8.7.1','web','success','Login successful','2025-07-22 21:24:09','2025-07-22 21:24:09',NULL),(174,1,'admin','::1','curl/8.7.1','web','success','Login successful','2025-07-22 21:57:18','2025-07-22 21:57:18',NULL),(176,1,'admin','127.0.0.1','Mozilla/5.0 (Macintosh; Intel Mac OS X 10_15_7) AppleWebKit/537.36 (KHTML, like Gecko) Chrome/138.0.0.0 Safari/537.36','web','success','Login successful','2025-07-28 13:17:34','2025-07-28 13:17:34',NULL),(177,1,'admin','::1','curl/8.7.1','web','success','Login successful','2025-07-28 17:26:22','2025-07-28 17:26:22',NULL),(178,1,'admin','::1','curl/8.7.1','web','success','Login successful','2025-07-28 17:26:29','2025-07-28 17:26:29',NULL),(182,1,'admin','::1','curl/8.7.1','web','success','Login successful','2025-07-28 20:20:06','2025-07-28 20:20:06',NULL),(183,1,'admin','::1','curl/8.7.1','web','success','Login successful','2025-07-28 20:23:14','2025-07-28 20:23:14',NULL),(184,1,'admin','::1','curl/8.7.1','web','success','Login successful','2025-07-28 20:25:34','2025-07-28 20:25:34',NULL),(185,1,'admin','::1','curl/8.7.1','web','success','Login successful','2025-07-28 20:29:02','2025-07-28 20:29:02',NULL),(186,1,'admin','::1','curl/8.7.1','web','success','Login successful','2025-07-28 20:29:10','2025-07-28 20:29:10',NULL),(187,1,'admin','::1','curl/8.7.1','web','success','Login successful','2025-07-28 20:30:33','2025-07-28 20:30:33',NULL),(188,1,'admin','::1','curl/8.7.1','web','success','Login successful','2025-07-28 20:31:31','2025-07-28 20:31:31',NULL),(189,1,'admin','::1','curl/8.7.1','web','success','Login successful','2025-07-28 20:37:41','2025-07-28 20:37:41',NULL),(190,1,'admin','::1','curl/8.7.1','web','success','Login successful','2025-07-28 20:38:03','2025-07-28 20:38:03',NULL),(191,1,'admin','::1','curl/8.7.1','web','success','Login successful','2025-07-28 21:13:19','2025-07-28 21:13:19',NULL),(192,1,'admin','::1','curl/8.7.1','web','success','Login successful','2025-07-28 21:14:15','2025-07-28 21:14:15',NULL),(193,1,'admin','::1','curl/8.7.1','web','success','Login successful','2025-07-28 21:16:51','2025-07-28 21:16:51',NULL),(194,1,'admin','::1','curl/8.7.1','web','success','Login successful','2025-07-28 21:17:03','2025-07-28 21:17:03',NULL),(195,1,'admin','::1','curl/8.7.1','web','success','Login successful','2025-07-28 21:17:15','2025-07-28 21:17:15',NULL),(196,1,'admin','::1','curl/8.7.1','web','success','Login successful','2025-07-28 21:17:31','2025-07-28 21:17:31',NULL),(197,1,'admin','::1','python-requests/2.32.4','web','success','Login successful','2025-07-28 21:20:42','2025-07-28 21:20:42',NULL),(198,1,'admin','::1','python-requests/2.32.4','web','success','Login successful','2025-07-28 21:20:48','2025-07-28 21:20:48',NULL),(199,1,'admin','::1','python-requests/2.32.4','web','success','Login successful','2025-07-28 21:25:52','2025-07-28 21:25:52',NULL),(200,1,'admin','::1','python-requests/2.32.4','web','success','Login successful','2025-07-28 21:28:29','2025-07-28 21:28:29',NULL),(201,1,'admin','::1','curl/8.7.1','web','success','Login successful','2025-07-28 21:32:33','2025-07-28 21:32:33',NULL),(202,1,'admin','::1','python-requests/2.32.4','web','success','Login successful','2025-07-28 21:34:35','2025-07-28 21:34:35',NULL),(203,1,'admin','::1','python-requests/2.32.4','web','success','Login successful','2025-07-28 21:39:04','2025-07-28 21:39:04',NULL),(204,1,'admin','::1','curl/8.7.1','web','success','Login successful','2025-07-28 21:39:21','2025-07-28 21:39:21',NULL),(205,1,'admin','::1','curl/8.7.1','web','success','Login successful','2025-07-28 21:53:24','2025-07-28 21:53:24',NULL),(206,1,'admin','::1','curl/8.7.1','web','success','Login successful','2025-07-28 21:54:38','2025-07-28 21:54:38',NULL),(207,1,'admin','::1','curl/8.7.1','web','success','Login successful','2025-07-28 21:54:45','2025-07-28 21:54:45',NULL),(208,1,'admin','::1','curl/8.7.1','web','success','Login successful','2025-07-28 22:03:54','2025-07-28 22:03:54',NULL),(209,1,'admin','::1','curl/8.7.1','web','success','Login successful','2025-07-28 22:04:04','2025-07-28 22:04:04',NULL),(211,1,'admin','::1','curl/8.7.1','web','success','Login successful','2025-07-29 07:05:01','2025-07-29 07:05:01',NULL),(212,1,'admin','::1','curl/8.7.1','web','success','Login successful','2025-07-29 07:06:55','2025-07-29 07:06:55',NULL),(214,1,'admin','::1','curl/8.7.1','web','success','Login successful','2025-07-29 07:35:25','2025-07-29 07:35:25',NULL),(215,1,'admin','::1','curl/8.7.1','web','success','Login successful','2025-07-29 07:46:31','2025-07-29 07:46:31',NULL),(217,1,'admin','::1','curl/8.7.1','web','success','Login successful','2025-07-29 07:47:31','2025-07-29 07:47:31',NULL),(219,1,'admin','::1','curl/8.7.1','web','success','Login successful','2025-07-29 08:35:03','2025-07-29 08:35:03',NULL),(220,1,'admin','::1','curl/8.7.1','web','success','Login successful','2025-07-29 08:40:22','2025-07-29 08:40:22',NULL),(221,1,'admin','::1','curl/8.7.1','web','success','Login successful','2025-07-29 08:52:10','2025-07-29 08:52:10',NULL),(222,1,'admin','::1','curl/8.7.1','web','success','Login successful','2025-07-29 09:02:06','2025-07-29 09:02:06',NULL),(223,1,'admin','::1','curl/8.7.1','web','success','Login successful','2025-07-29 09:02:30','2025-07-29 09:02:30',NULL),(224,1,'admin','::1','curl/8.7.1','web','success','Login successful','2025-07-29 09:03:02','2025-07-29 09:03:02',NULL),(225,1,'admin','::1','curl/8.7.1','web','success','Login successful','2025-07-29 09:03:08','2025-07-29 09:03:08',NULL),(226,1,'admin','::1','curl/8.7.1','web','success','Login successful','2025-07-29 09:03:37','2025-07-29 09:03:37',NULL),(227,1,'admin','::1','curl/8.7.1','web','success','Login successful','2025-07-29 09:03:46','2025-07-29 09:03:46',NULL),(228,1,'admin','::1','curl/8.7.1','web','success','Login successful','2025-07-29 09:52:52','2025-07-29 09:52:52',NULL),(229,1,'admin','::1','curl/8.7.1','web','success','Login successful','2025-07-29 10:32:42','2025-07-29 10:32:42',NULL),(230,1,'admin','::1','curl/8.7.1','web','success','Login successful','2025-07-29 10:49:21','2025-07-29 10:49:21',NULL),(231,1,'admin','::1','curl/8.7.1','web','success','Login successful','2025-07-29 10:51:36','2025-07-29 10:51:36',NULL),(232,1,'admin','127.0.0.1','Mozilla/5.0 (Macintosh; Intel Mac OS X 10_15_7) AppleWebKit/537.36 (KHTML, like Gecko) Chrome/138.0.0.0 Safari/537.36','web','success','Login successful','2025-07-29 15:22:34','2025-07-29 15:22:34',NULL),(233,1,'admin','127.0.0.1','Mozilla/5.0 (Macintosh; Intel Mac OS X 10_15_7) AppleWebKit/537.36 (KHTML, like Gecko) Chrome/138.0.0.0 Safari/537.36','web','logout','User logged out successfully','2025-07-29 15:46:52','2025-07-29 15:46:52',NULL),(234,1,'admin','127.0.0.1','Mozilla/5.0 (Macintosh; Intel Mac OS X 10_15_7) AppleWebKit/537.36 (KHTML, like Gecko) Chrome/138.0.0.0 Safari/537.36','web','success','Login successful','2025-07-29 15:46:57','2025-07-29 15:46:57',NULL),(235,1,'admin','::1','curl/8.7.1','web','success','Login successful','2025-07-29 16:06:45','2025-07-29 16:06:45',NULL),(236,1,'admin','::1','curl/8.7.1','web','success','Login successful','2025-07-29 16:07:29','2025-07-29 16:07:29',NULL),(237,1,'admin','::1','curl/8.7.1','web','success','Login successful','2025-07-29 16:08:38','2025-07-29 16:08:38',NULL),(238,1,'admin','::1','curl/8.7.1','web','success','Login successful','2025-07-29 16:09:44','2025-07-29 16:09:44',NULL),(239,1,'admin','::1','curl/8.7.1','web','success','Login successful','2025-07-29 16:28:22','2025-07-29 16:28:22',NULL),(240,1,'admin','::1','curl/8.7.1','web','success','Login successful','2025-07-29 16:48:09','2025-07-29 16:48:09',NULL),(242,1,'admin','::1','curl/8.7.1','web','success','Login successful','2025-07-29 20:34:29','2025-07-29 20:34:29',NULL),(243,1,'admin','::1','curl/8.7.1','web','success','Login successful','2025-07-29 22:04:15','2025-07-29 22:04:15',NULL),(244,1,'admin','::1','python-requests/2.32.4','web','success','Login successful','2025-07-30 17:04:54','2025-07-30 17:04:54',NULL),(245,1,'admin','::1','python-requests/2.32.4','web','success','Login successful','2025-07-30 17:05:02','2025-07-30 17:05:02',NULL),(246,1,'admin','::1','python-requests/2.32.4','web','success','Login successful','2025-07-30 17:05:22','2025-07-30 17:05:22',NULL),(247,1,'admin','::1','python-requests/2.32.4','web','success','Login successful','2025-07-30 17:05:42','2025-07-30 17:05:42',NULL),(248,1,'admin','::1','python-requests/2.32.4','web','success','Login successful','2025-07-30 17:05:51','2025-07-30 17:05:51',NULL),(249,1,'admin','::1','curl/8.7.1','web','success','Login successful','2025-07-30 17:06:04','2025-07-30 17:06:04',NULL),(250,1,'admin','::1','curl/8.7.1','web','success','Login successful','2025-07-30 17:06:17','2025-07-30 17:06:17',NULL),(251,1,'admin','::1','python-requests/2.32.4','web','success','Login successful','2025-07-30 17:25:48','2025-07-30 17:25:48',NULL),(252,1,'admin','::1','python-requests/2.32.4','web','success','Login successful','2025-07-30 17:26:11','2025-07-30 17:26:11',NULL),(253,1,'admin','::1','python-requests/2.32.4','web','success','Login successful','2025-07-30 19:49:09','2025-07-30 19:49:09',NULL),(254,1,'admin','::1','python-requests/2.32.4','web','success','Login successful','2025-07-30 21:15:17','2025-07-30 21:15:17',NULL),(255,1,'admin','::1','python-requests/2.32.4','web','success','Login successful','2025-07-30 21:16:07','2025-07-30 21:16:07',NULL),(256,1,'admin','127.0.0.1','Mozilla/5.0 (Macintosh; Intel Mac OS X 10_15_7) AppleWebKit/537.36 (KHTML, like Gecko) Chrome/138.0.0.0 Safari/537.36','web','success','Login successful','2025-07-30 23:06:23','2025-07-30 23:06:23',NULL),(257,1,'admin','127.0.0.1','curl/8.7.1','web','success','Login successful','2025-07-31 09:03:43','2025-07-31 09:03:43',NULL),(258,1,'admin','127.0.0.1','curl/8.7.1','web','success','Login successful','2025-07-31 18:01:10','2025-07-31 18:01:10',NULL),(259,1,'admin','127.0.0.1','curl/8.7.1','web','success','Login successful','2025-07-31 18:08:55','2025-07-31 18:08:55',NULL),(260,1,'admin','::1','curl/8.7.1','web','success','Login successful','2025-07-31 18:14:36','2025-07-31 18:14:36',NULL),(261,1,'admin','::1','curl/8.7.1','web','success','Login successful','2025-07-31 18:17:21','2025-07-31 18:17:21',NULL),(262,1,'admin','::1','curl/8.7.1','web','success','Login successful','2025-07-31 18:22:05','2025-07-31 18:22:05',NULL),(263,1,'admin','::1','curl/8.7.1','web','success','Login successful','2025-07-31 18:28:01','2025-07-31 18:28:01',NULL),(265,1,'admin','127.0.0.1','Mozilla/5.0 (Macintosh; Intel Mac OS X 10_15_7) AppleWebKit/537.36 (KHTML, like Gecko) Chrome/138.0.0.0 Safari/537.36','web','success','Login successful','2025-07-31 23:40:38','2025-07-31 23:40:38',NULL),(266,1,'admin','127.0.0.1','curl/8.7.1','web','success','Login successful','2025-08-01 15:02:27','2025-08-01 15:02:27',NULL),(267,1,'admin','127.0.0.1','curl/8.7.1','web','success','Login successful','2025-08-01 15:04:00','2025-08-01 15:04:00',NULL),(268,1,'admin','127.0.0.1','curl/8.7.1','web','success','Login successful','2025-08-01 16:20:31','2025-08-01 16:20:31',NULL),(269,1,'admin','127.0.0.1','curl/8.7.1','web','success','Login successful','2025-08-01 16:20:37','2025-08-01 16:20:37',NULL),(270,1,'admin','127.0.0.1','curl/8.7.1','web','success','Login successful','2025-08-01 20:38:29','2025-08-01 20:38:29',NULL),(271,1,'admin','127.0.0.1','curl/8.7.1','web','success','Login successful','2025-08-01 20:39:14','2025-08-01 20:39:14',NULL),(272,1,'admin','127.0.0.1','Mozilla/5.0 (Macintosh; Intel Mac OS X 10_15_7) AppleWebKit/537.36 (KHTML, like Gecko) Chrome/138.0.0.0 Safari/537.36','web','success','Login successful','2025-08-01 23:43:16','2025-08-01 23:43:16',NULL),(273,1,'admin','127.0.0.1','Mozilla/5.0 (Macintosh; Intel Mac OS X 10_15_7) AppleWebKit/537.36 (KHTML, like Gecko) Chrome/138.0.0.0 Safari/537.36','web','success','Login successful','2025-08-03 00:39:06','2025-08-03 00:39:06',NULL),(274,1,'admin','127.0.0.1','Mozilla/5.0 (Macintosh; Intel Mac OS X 10_15_7) AppleWebKit/537.36 (KHTML, like Gecko) Chrome/138.0.0.0 Safari/537.36','web','logout','User logged out successfully','2025-08-03 14:13:50','2025-08-03 14:13:50',NULL),(275,1,'admin','127.0.0.1','Mozilla/5.0 (Macintosh; Intel Mac OS X 10_15_7) AppleWebKit/537.36 (KHTML, like Gecko) Chrome/138.0.0.0 Safari/537.36','web','success','Login successful','2025-08-03 14:47:46','2025-08-03 14:47:46',NULL),(276,1,'admin','127.0.0.1','Mozilla/5.0 (Macintosh; Intel Mac OS X 10_15_7) AppleWebKit/537.36 (KHTML, like Gecko) Chrome/138.0.0.0 Safari/537.36','web','logout','User logged out successfully','2025-08-03 14:48:28','2025-08-03 14:48:28',NULL),(277,1,'admin','127.0.0.1','Mozilla/5.0 (Macintosh; Intel Mac OS X 10_15_7) AppleWebKit/537.36 (KHTML, like Gecko) Chrome/138.0.0.0 Safari/537.36','web','success','Login successful','2025-08-03 14:48:34','2025-08-03 14:48:34',NULL),(278,1,'admin','127.0.0.1','Mozilla/5.0 (Macintosh; Intel Mac OS X 10_15_7) AppleWebKit/537.36 (KHTML, like Gecko) Chrome/138.0.0.0 Safari/537.36','web','logout','User logged out successfully','2025-08-03 18:14:22','2025-08-03 18:14:22',NULL),(279,1,'admin','127.0.0.1','Mozilla/5.0 (Macintosh; Intel Mac OS X 10_15_7) AppleWebKit/537.36 (KHTML, like Gecko) Chrome/138.0.0.0 Safari/537.36','web','success','Login successful','2025-08-03 18:14:29','2025-08-03 18:14:29',NULL),(280,1,'admin','127.0.0.1','Mozilla/5.0 (Macintosh; Intel Mac OS X 10_15_7) AppleWebKit/537.36 (KHTML, like Gecko) Chrome/138.0.0.0 Safari/537.36','web','logout','User logged out successfully','2025-08-03 18:24:30','2025-08-03 18:24:30',NULL),(281,1,'admin','127.0.0.1','Mozilla/5.0 (Macintosh; Intel Mac OS X 10_15_7) AppleWebKit/537.36 (KHTML, like Gecko) Chrome/138.0.0.0 Safari/537.36','web','success','Login successful','2025-08-03 18:24:37','2025-08-03 18:24:37',NULL),(282,1,'admin','127.0.0.1','Mozilla/5.0 (Macintosh; Intel Mac OS X 10_15_7) AppleWebKit/537.36 (KHTML, like Gecko) Chrome/138.0.0.0 Safari/537.36','web','logout','User logged out successfully','2025-08-04 12:15:50','2025-08-04 12:15:50',NULL),(283,1,'admin','127.0.0.1','Mozilla/5.0 (Macintosh; Intel Mac OS X 10_15_7) AppleWebKit/537.36 (KHTML, like Gecko) Chrome/138.0.0.0 Safari/537.36','web','success','Login successful','2025-08-04 12:15:56','2025-08-04 12:15:56',NULL);
/*!40000 ALTER TABLE `login_logs` ENABLE KEYS */;
UNLOCK TABLES;

--
-- Table structure for table `operation_logs`
--

DROP TABLE IF EXISTS `operation_logs`;
/*!40101 SET @saved_cs_client     = @@character_set_client */;
/*!50503 SET character_set_client = utf8mb4 */;
CREATE TABLE `operation_logs` (
  `id` bigint unsigned NOT NULL AUTO_INCREMENT,
  `user_id` bigint unsigned NOT NULL,
  `username` varchar(50) CHARACTER SET utf8mb4 COLLATE utf8mb4_unicode_ci NOT NULL,
  `ip` varchar(45) CHARACTER SET utf8mb4 COLLATE utf8mb4_unicode_ci NOT NULL,
  `method` varchar(10) CHARACTER SET utf8mb4 COLLATE utf8mb4_unicode_ci NOT NULL COMMENT 'HTTP方法: GET, POST, PUT, DELETE',
  `url` varchar(255) CHARACTER SET utf8mb4 COLLATE utf8mb4_unicode_ci NOT NULL,
  `action` varchar(50) CHARACTER SET utf8mb4 COLLATE utf8mb4_unicode_ci NOT NULL COMMENT '操作类型: create, read, update, delete',
  `resource` varchar(50) CHARACTER SET utf8mb4 COLLATE utf8mb4_unicode_ci DEFAULT NULL COMMENT '资源类型: user, role, asset, session',
  `resource_id` bigint unsigned DEFAULT NULL COMMENT '资源ID',
  `session_id` varchar(100) CHARACTER SET utf8mb4 COLLATE utf8mb4_unicode_ci DEFAULT NULL COMMENT '完整会话标识符',
  `status` int NOT NULL COMMENT 'HTTP状态码',
  `message` text CHARACTER SET utf8mb4 COLLATE utf8mb4_unicode_ci,
  `request_data` text CHARACTER SET utf8mb4 COLLATE utf8mb4_unicode_ci,
  `response_data` text CHARACTER SET utf8mb4 COLLATE utf8mb4_unicode_ci,
  `duration` bigint DEFAULT NULL COMMENT '请求耗时，毫秒',
  `created_at` timestamp NULL DEFAULT CURRENT_TIMESTAMP,
  `updated_at` timestamp NULL DEFAULT CURRENT_TIMESTAMP ON UPDATE CURRENT_TIMESTAMP,
  `deleted_at` timestamp NULL DEFAULT NULL,
  PRIMARY KEY (`id`),
  KEY `idx_user_id` (`user_id`),
  KEY `idx_username` (`username`),
  KEY `idx_ip` (`ip`),
  KEY `idx_method` (`method`),
  KEY `idx_action` (`action`),
  KEY `idx_resource` (`resource`),
  KEY `idx_resource_id` (`resource_id`),
  KEY `idx_status` (`status`),
  KEY `idx_created_at` (`created_at`),
  KEY `idx_deleted_at` (`deleted_at`),
  KEY `idx_operation_logs_user_time` (`user_id`,`created_at`),
  KEY `idx_operation_logs_session_id` (`session_id`),
  CONSTRAINT `fk_operation_logs_user` FOREIGN KEY (`user_id`) REFERENCES `users` (`id`) ON DELETE CASCADE
) ENGINE=InnoDB AUTO_INCREMENT=960 DEFAULT CHARSET=utf8mb4 COLLATE=utf8mb4_unicode_ci COMMENT='操作日志表 - 记录用户在系统中的所有操作';
/*!40101 SET character_set_client = @saved_cs_client */;

--
-- Dumping data for table `operation_logs`
--

LOCK TABLES `operation_logs` WRITE;
/*!40000 ALTER TABLE `operation_logs` DISABLE KEYS */;
INSERT INTO `operation_logs` VALUES (940,1,'admin','127.0.0.1','POST','/api/v1/recording/batch/delete','delete','recording',0,'',202,'','{\"operation\":\"delete\",\"reason\":\"批量删除操作\",\"recording_ids\":[98,97,96,95,94,93,92,91,90,89]}','{\"code\":202,\"status\":\"success\"}',1,'2025-08-02 16:38:57','2025-08-02 16:38:57',NULL),(941,1,'admin','127.0.0.1','POST','/api/v1/recording/batch/delete','delete','recording',0,'',202,'','{\"operation\":\"delete\",\"reason\":\"批量删除操作\",\"recording_ids\":[97,96,95,94,93,92,91,90,89,88]}','{\"code\":202,\"status\":\"success\"}',1,'2025-08-02 16:39:00','2025-08-02 16:39:00',NULL),(942,1,'admin','127.0.0.1','POST','/api/v1/recording/batch/delete','delete','recording',0,'',202,'','{\"operation\":\"delete\",\"reason\":\"批量删除操作\",\"recording_ids\":[88,87,86,85,84,83,82,81,80,79]}','{\"code\":202,\"status\":\"success\"}',1,'2025-08-02 16:39:03','2025-08-02 16:39:03',NULL),(943,1,'admin','127.0.0.1','POST','/api/v1/recording/batch/delete','delete','recording',0,'',202,'','{\"operation\":\"delete\",\"reason\":\"批量删除操作\",\"recording_ids\":[86,85,84,83,82,81,80,79,78,77]}','{\"code\":202,\"status\":\"success\"}',1,'2025-08-02 16:39:07','2025-08-02 16:39:07',NULL),(944,1,'admin','127.0.0.1','POST','/api/v1/recording/batch/delete','delete','recording',0,'',202,'','{\"operation\":\"delete\",\"reason\":\"批量删除操作\",\"recording_ids\":[78,77,76,75,74,73,72,71,70]}','{\"code\":202,\"status\":\"success\"}',1,'2025-08-02 16:39:10','2025-08-02 16:39:10',NULL),(945,1,'admin','127.0.0.1','POST','/api/v1/audit/session-records/batch/delete','delete','session-records',0,'',200,'','{\"reason\":\"批量删除操作\",\"session_ids\":[\"ssh-1754069696-8973048184410202982\",\"ssh-1754063005-8170767895588901493\",\"ssh-1754060609-2131836516031235602\",\"ssh-1754060599-7051234960800673295\",\"ssh-1754054811-8544634686861863615\",\"ssh-1754053768-8839708621680462647\",\"ssh-1754053149-6885465412286402466\",\"ssh-1754053081-5186056612617832457\",\"ssh-1754052678-7450899799683208406\",\"ssh-1754052603-9149664554645040565\",\"ssh-1754052242-1366400418215392669\",\"ssh-1754042159-5222386099744861788\",\"ssh-1754034405-485665443783294162\",\"ssh-1754034357-9122335352023386925\",\"ssh-1754033735-8012609302570643813\",\"ssh-1753976476-4899774615849841521\",\"ssh-1753972071-4752064026157255049\",\"ssh-1753968521-8352979106574275758\",\"ssh-1753968506-2617578235137593685\",\"ssh-1753967881-8538342531437702281\",\"ssh-1753967354-9012753069532973669\",\"ssh-1753967297-8222258791280836900\",\"ssh-1753967248-1418150257228191757\",\"ssh-1753957255-4827964687730642919\",\"ssh-1753955534-3821077783282419442\",\"ssh-1753955338-2036285179343423997\",\"ssh-1753950300-7215097764112078990\",\"ssh-1753946671-7364139357371889406\",\"ssh-1753946405-8250641874756429722\",\"ssh-1753945662-455631819633338328\",\"ssh-1753945006-7280517054099889892\",\"ssh-1753928564-1459564628761447656\",\"ssh-1753926683-4046779338351913822\",\"ssh-1753926040-7589655831172302389\",\"ssh-1753814583-409916446941415872\",\"ssh-1753797983-4533645503800101227\",\"ssh-1753797950-6511997337758789887\",\"ssh-1753192857-4810398178830768952\",\"ssh-1753192334-3992574404018936202\",\"ssh-1753192307-632334470797501953\",\"ssh-1753191987-3720946047095248900\",\"ssh-1753191975-6751841019687142512\",\"ssh-1753191751-1059272320999606100\",\"ssh-1753191481-1167012015835282990\",\"ssh-1753191454-3238507559435781650\",\"ssh-1753191287-5092159984237876537\",\"ssh-1753190898-4817591717587108490\",\"ssh-1753189975-6072770722195210561\",\"ssh-1753183470-214535988621358328\",\"ssh-1753183433-7189747962094863578\",\"ssh-1753180292-8950261781757391714\",\"ssh-1753180164-135167413741457081\",\"ssh-1753180093-2629452278839167643\",\"ssh-1753178002-1248182783974385647\",\"ssh-1753177932-6067295149752055116\",\"ssh-1753177747-6541857090105114152\",\"ssh-1753176448-7339583545312530832\",\"ssh-1753176414-6901159414064587816\",\"ssh-1753176386-4680313710765874348\",\"ssh-1753176284-3947778476496720415\",\"ssh-1753173759-7378214324043574782\",\"ssh-1753173280-5012608600410048784\",\"ssh-1753172635-5230204206688516022\",\"ssh-1753172340-6922845183113670374\",\"ssh-1753159954-4995561380603627272\",\"ssh-1753156515-5634933996843275573\",\"ssh-1753154823-6402760699055058788\",\"ssh-1753153867-5325292487213458174\",\"ssh-1753153807-2484214446784085194\",\"ssh-1753153389-5441977110148935664\",\"ssh-1753150388-6621976715634441153\",\"ssh-1753141230-6749073223842168685\",\"ssh-1753139872-4983283286821342095\",\"ssh-1753138834-9054056711349890425\",\"ssh-1753138636-3177301145791383972\",\"ssh-1753137992-4966285075359366914\",\"ssh-1753136547-4436335196656218096\",\"ssh-1753136460-3009091252491305355\",\"ssh-1753136256-2378589771061362661\",\"ssh-1753135024-8405166545805079004\",\"ssh-1753134700-947342785291785114\",\"ssh-1753134698-2218674313087346048\",\"ssh-1753134697-1785954580541726822\",\"ssh-1753134696-5712573552975696785\",\"ssh-1753134695-1614743422604342741\",\"ssh-1753134694-1185398970242683364\",\"ssh-1753134692-8548077733405711187\",\"ssh-1753134691-6900176143329088150\",\"ssh-1753134690-3748778014929313660\",\"ssh-1753134689-5702179012602922719\",\"ssh-1753134416-561996954663050969\",\"ssh-1753134355-522894870490333324\",\"ssh-1753134337-5505272357037059925\",\"ssh-1753134308-8940117794540941106\",\"ssh-1753134285-2941376704124395751\",\"ssh-1753134276-6941513750311389574\",\"ssh-1753114928-8407035407644256452\",\"ssh-1753114885-1296701595714700893\",\"ssh-1753114584-1303320748475954050\",\"ssh-1753112376-7702658444704115474\"]}','{\"code\":200,\"status\":\"success\"}',33,'2025-08-02 16:39:29','2025-08-02 16:39:29',NULL),(946,1,'admin','127.0.0.1','POST','/api/v1/audit/session-records/batch/delete','delete','session-records',0,'',200,'','{\"reason\":\"批量删除操作\",\"session_ids\":[\"ssh-1753110786-3819049064341673936\",\"ssh-1753109799-840311687490970928\",\"ssh-1753106740-5659262868630606971\",\"ssh-1753104170-7083698746801794371\",\"ssh-1753103904-1955668262868752759\",\"ssh-1753103847-3986036352310982778\",\"ssh-1753103556-5348674619555507891\",\"ssh-1753103458-2026297015746663564\",\"ssh-1753103283-5142291161940593506\",\"ssh-1753102174-3647024094555555881\",\"ssh-1753101896-7969856258364800882\",\"ssh-1753101572-115802339190780875\",\"ssh-1753100348-1928260173198372876\",\"ssh-1753099862-6887249267557559893\",\"ssh-1753097989-3518532544435019244\",\"ssh-1753090227-6706875058841294679\",\"ssh-1753089436-31774588054777430\",\"ssh-1753078236-2049442131430500143\",\"ssh-1753078200-2023537794095558825\",\"ssh-1753078157-1052843410700792011\",\"ssh-1753034910-7280127812022472136\",\"ssh-1753031763-4271359277666939751\",\"ssh-1753021393-2261146932686485763\",\"ssh-1753008988-6039185026323809342\",\"ssh-1752994902-3785020943241838822\",\"ssh-1752993106-7847120665822289358\",\"ssh-1752990900-370774199942855965\",\"ssh-1752954620-6099512477511395923\",\"ssh-1752954332-370513894315401249\",\"ssh-1752953978-5895494518382474913\",\"ssh-1752953684-4024972527489046346\",\"ssh-1752953420-8081994974467756696\",\"ssh-1752952774-3844558173056456867\",\"ssh-1752952078-4815445536803869219\",\"ssh-1752949655-440352388834370781\",\"ssh-1752944750-8260972995069143691\",\"ssh-1752944574-2094210409098121183\",\"ssh-1752944459-6243566557256517286\",\"ssh-1752943932-7366255010898905296\",\"ssh-1752935702-5192766140324586676\",\"ssh-1752935614-5823250833594007208\",\"ssh-1752935058-3077469197586896063\",\"ssh-1752933112-8192830029126347680\",\"ssh-1752932326-8803705354158854306\",\"ssh-1752932014-171653861839703862\",\"ssh-1752931315-5535434299132930222\",\"ssh-1752927581-8768338637178989224\",\"ssh-1752927524-5406191887856554639\",\"ssh-1752927521-145251271167858083\",\"ssh-1752926787-7762874298677288079\",\"ssh-1752926784-8273505571312363762\",\"ssh-1752926186-5023537601797707302\",\"ssh-1752926183-6403454505037949307\",\"ssh-1752925792-3158511774053232742\",\"ssh-1752925789-1769891180344921095\",\"ssh-1752924626-4663933271319837727\",\"ssh-1752924623-5149290376312249284\",\"ssh-1752924473-1189634065970393990\",\"ssh-1752924447-6250194059030635017\",\"ssh-1752923028-7228630414348505897\",\"ssh-1752922855-3977005027420487119\",\"ssh-1752920886-3124929020400209411\",\"ssh-1752920860-3922414481755963707\",\"ssh-1752919154-3278977728989847192\",\"ssh-1752917872-917206268328812167\",\"ssh-1752917414-7395767359283634957\",\"ssh-1752915146-8647340127419674204\"]}','{\"code\":200,\"status\":\"success\"}',11,'2025-08-02 16:39:33','2025-08-02 16:39:33',NULL),(947,1,'admin','127.0.0.1','PUT','/api/v1/command-filter/filters/5','update','command-filter',0,'',200,'','{\"remark\":\"\"}','{\"code\":200,\"status\":\"success\"}',13,'2025-08-02 18:24:52','2025-08-02 18:24:52',NULL),(948,1,'admin','127.0.0.1','POST','/api/v1/ssh/sessions','create','session',1,'ssh-1754145853-3922781543550869906',200,'SSH连接到 web-7 (10.0.0.7:22) 使用凭证 root','{\"asset_id\":1,\"credential_id\":1,\"protocol\":\"ssh\",\"timeout_minutes\":30}','{\"code\":200,\"status\":\"success\"}',88,'2025-08-02 22:44:13','2025-08-02 22:44:13',NULL),(949,1,'admin','127.0.0.1','DELETE','/api/v1/ssh/sessions/ssh-1754145853-3922781543550869906','delete','session',0,'ssh-1754145853-3922781543550869906',200,'SSH session closed successfully','','',0,'2025-08-02 22:44:38','2025-08-02 22:44:38',NULL),(950,1,'admin','127.0.0.1','DELETE','/api/v1/ssh/sessions/ssh-1754145853-3922781543550869906','delete','session',0,'',404,'','','{\"code\":404,\"status\":\"error\"}',0,'2025-08-02 22:44:39','2025-08-02 22:44:39',NULL),(951,1,'admin','127.0.0.1','POST','/api/v1/logout','create','logout',0,'',200,'','','{\"code\":200,\"status\":\"success\"}',0,'2025-08-03 14:13:50','2025-08-03 14:13:50',NULL),(952,1,'admin','127.0.0.1','POST','/api/v1/logout','create','logout',0,'',200,'','','{\"code\":200,\"status\":\"success\"}',1,'2025-08-03 14:48:28','2025-08-03 14:48:28',NULL),(953,1,'admin','127.0.0.1','POST','/api/v1/logout','create','logout',0,'',200,'','','{\"code\":200,\"status\":\"success\"}',0,'2025-08-03 18:14:22','2025-08-03 18:14:22',NULL),(954,1,'admin','127.0.0.1','POST','/api/v1/logout','create','logout',0,'',200,'','','{\"code\":200,\"status\":\"success\"}',1,'2025-08-03 18:24:30','2025-08-03 18:24:30',NULL),(955,1,'admin','127.0.0.1','DELETE','/api/v1/asset-groups/4','delete','asset-groups',0,'',200,'','','{\"code\":200,\"status\":\"success\"}',8,'2025-08-03 18:31:42','2025-08-03 18:31:42',NULL),(956,1,'admin','127.0.0.1','POST','/api/v1/users/','create','users',0,'',400,'','{\"email\":\"vim27@qq.com\",\"password\":\"123456\",\"role_ids\":[1],\"status\":1,\"username\":\"zhangya\"}','{\"code\":400,\"status\":\"error\"}',102,'2025-08-03 18:33:38','2025-08-03 18:33:38',NULL),(957,1,'admin','127.0.0.1','POST','/api/v1/users/','create','users',0,'',200,'','{\"email\":\"vim27@qq.com\",\"password\":\"123456\",\"role_ids\":[1],\"status\":1,\"username\":\"zhangyaya\"}','{\"code\":200,\"status\":\"success\"}',113,'2025-08-03 18:33:48','2025-08-03 18:33:48',NULL),(958,1,'admin','127.0.0.1','POST','/api/v1/asset-groups/','create','asset-groups',0,'',200,'','{\"description\":\"测试\",\"name\":\"AI 服务器\"}','{\"code\":200,\"status\":\"success\"}',5,'2025-08-03 18:38:38','2025-08-03 18:38:38',NULL),(959,1,'admin','127.0.0.1','POST','/api/v1/logout','create','logout',0,'',200,'','','{\"code\":200,\"status\":\"success\"}',1,'2025-08-04 12:15:50','2025-08-04 12:15:50',NULL);
/*!40000 ALTER TABLE `operation_logs` ENABLE KEYS */;
UNLOCK TABLES;

--
-- Table structure for table `operation_logs_backup_20250721`
--

DROP TABLE IF EXISTS `operation_logs_backup_20250721`;
/*!40101 SET @saved_cs_client     = @@character_set_client */;
/*!50503 SET character_set_client = utf8mb4 */;
CREATE TABLE `operation_logs_backup_20250721` (
  `id` bigint unsigned NOT NULL DEFAULT '0',
  `user_id` bigint unsigned NOT NULL,
  `username` varchar(50) CHARACTER SET utf8mb4 COLLATE utf8mb4_unicode_ci NOT NULL,
  `ip` varchar(45) CHARACTER SET utf8mb4 COLLATE utf8mb4_unicode_ci NOT NULL,
  `method` varchar(10) CHARACTER SET utf8mb4 COLLATE utf8mb4_unicode_ci NOT NULL COMMENT 'HTTP方法: GET, POST, PUT, DELETE',
  `url` varchar(255) CHARACTER SET utf8mb4 COLLATE utf8mb4_unicode_ci NOT NULL,
  `action` varchar(50) CHARACTER SET utf8mb4 COLLATE utf8mb4_unicode_ci NOT NULL COMMENT '操作类型: create, read, update, delete',
  `resource` varchar(50) CHARACTER SET utf8mb4 COLLATE utf8mb4_unicode_ci DEFAULT NULL COMMENT '资源类型: user, role, asset, session',
  `resource_id` bigint unsigned DEFAULT NULL COMMENT '资源ID',
  `status` int NOT NULL COMMENT 'HTTP状态码',
  `message` text CHARACTER SET utf8mb4 COLLATE utf8mb4_unicode_ci,
  `request_data` text CHARACTER SET utf8mb4 COLLATE utf8mb4_unicode_ci,
  `response_data` text CHARACTER SET utf8mb4 COLLATE utf8mb4_unicode_ci,
  `duration` bigint DEFAULT NULL COMMENT '请求耗时，毫秒',
  `created_at` timestamp NULL DEFAULT CURRENT_TIMESTAMP,
  `updated_at` timestamp NULL DEFAULT CURRENT_TIMESTAMP ON UPDATE CURRENT_TIMESTAMP,
  `deleted_at` timestamp NULL DEFAULT NULL
) ENGINE=InnoDB DEFAULT CHARSET=utf8mb4 COLLATE=utf8mb4_unicode_ci;
/*!40101 SET character_set_client = @saved_cs_client */;

--
-- Dumping data for table `operation_logs_backup_20250721`
--

LOCK TABLES `operation_logs_backup_20250721` WRITE;
/*!40000 ALTER TABLE `operation_logs_backup_20250721` DISABLE KEYS */;
INSERT INTO `operation_logs_backup_20250721` VALUES (1,1,'admin','127.0.0.1','POST','/api/v1/ssh/sessions','create','session',0,201,'SSH session created successfully','{\"asset_id\":1,\"credential_id\":1,\"protocol\":\"ssh\",\"width\":0,\"height\":0}','',0,'2025-07-19 16:52:26','2025-07-21 07:09:14','2025-07-21 15:09:14'),(2,1,'admin','127.0.0.1','POST','/api/v1/ssh/sessions','create','session',0,201,'SSH session created successfully','{\"asset_id\":1,\"credential_id\":1,\"protocol\":\"ssh\",\"width\":0,\"height\":0}','',0,'2025-07-19 17:30:15','2025-07-21 07:09:14','2025-07-21 15:09:14'),(3,1,'admin','127.0.0.1','DELETE','/api/v1/ssh/sessions/ssh-1752917414-7395767359283634957','delete','session',0,200,'SSH session closed successfully','','',0,'2025-07-19 17:30:20','2025-07-21 07:09:14','2025-07-21 15:09:14'),(4,1,'admin','127.0.0.1','POST','/api/v1/ssh/sessions','create','session',0,201,'SSH session created successfully','{\"asset_id\":1,\"credential_id\":1,\"protocol\":\"ssh\",\"width\":0,\"height\":0}','',0,'2025-07-19 17:37:52','2025-07-21 07:09:14','2025-07-21 15:09:14'),(5,1,'admin','127.0.0.1','POST','/api/v1/ssh/sessions','create','session',0,201,'SSH session created successfully','{\"asset_id\":1,\"credential_id\":1,\"protocol\":\"ssh\",\"width\":0,\"height\":0}','',0,'2025-07-19 17:59:14','2025-07-21 07:09:14','2025-07-21 15:09:14'),(6,1,'admin','127.0.0.1','POST','/api/v1/ssh/sessions','create','session',0,201,'SSH session created successfully','{\"asset_id\":1,\"credential_id\":1,\"protocol\":\"ssh\",\"width\":0,\"height\":0}','',0,'2025-07-19 18:27:40','2025-07-21 07:09:14','2025-07-21 15:09:14'),(7,1,'admin','127.0.0.1','POST','/api/v1/ssh/sessions','create','session',0,201,'SSH session created successfully','{\"asset_id\":1,\"credential_id\":1,\"protocol\":\"ssh\",\"width\":0,\"height\":0}','',0,'2025-07-19 18:28:07','2025-07-21 07:09:14','2025-07-21 15:09:14'),(8,1,'admin','127.0.0.1','POST','/api/v1/ssh/sessions','create','session',0,201,'SSH session created successfully','{\"asset_id\":1,\"credential_id\":1,\"protocol\":\"ssh\",\"width\":0,\"height\":0}','',0,'2025-07-19 19:00:55','2025-07-21 07:09:14','2025-07-21 15:09:14'),(9,1,'admin','127.0.0.1','POST','/api/v1/ssh/sessions','create','session',0,201,'SSH session created successfully','{\"asset_id\":1,\"credential_id\":1,\"protocol\":\"ssh\",\"width\":0,\"height\":0}','',0,'2025-07-19 19:03:49','2025-07-21 07:09:14','2025-07-21 15:09:14'),(10,1,'admin','127.0.0.1','POST','/api/v1/ssh/sessions','create','session',0,201,'SSH session created successfully','{\"asset_id\":1,\"credential_id\":1,\"protocol\":\"ssh\",\"width\":0,\"height\":0}','',0,'2025-07-19 19:27:28','2025-07-21 07:09:14','2025-07-21 15:09:14'),(11,1,'admin','127.0.0.1','POST','/api/v1/ssh/sessions','create','session',0,201,'SSH session created successfully','{\"asset_id\":1,\"credential_id\":1,\"protocol\":\"ssh\",\"width\":0,\"height\":0}','',0,'2025-07-19 19:27:53','2025-07-21 07:09:14','2025-07-21 15:09:14'),(12,1,'admin','127.0.0.1','POST','/api/v1/ssh/sessions','create','session',0,201,'SSH session created successfully','{\"asset_id\":2,\"credential_id\":1,\"protocol\":\"ssh\",\"width\":0,\"height\":0}','',0,'2025-07-19 19:30:24','2025-07-21 07:09:14','2025-07-21 15:09:14'),(13,1,'admin','127.0.0.1','POST','/api/v1/ssh/sessions','create','session',0,201,'SSH session created successfully','{\"asset_id\":1,\"credential_id\":1,\"protocol\":\"ssh\",\"width\":0,\"height\":0}','',0,'2025-07-19 19:30:27','2025-07-21 07:09:14','2025-07-21 15:09:14'),(14,1,'admin','127.0.0.1','POST','/api/v1/ssh/sessions','create','session',0,201,'SSH session created successfully','{\"asset_id\":1,\"credential_id\":1,\"protocol\":\"ssh\",\"width\":0,\"height\":0}','',0,'2025-07-19 19:49:50','2025-07-21 07:09:14','2025-07-21 15:09:14'),(15,1,'admin','127.0.0.1','POST','/api/v1/ssh/sessions','create','session',0,201,'SSH session created successfully','{\"asset_id\":2,\"credential_id\":1,\"protocol\":\"ssh\",\"width\":0,\"height\":0}','',0,'2025-07-19 19:49:52','2025-07-21 07:09:06','2025-07-21 15:09:06'),(16,1,'admin','127.0.0.1','POST','/api/v1/ssh/sessions','create','session',0,201,'SSH session created successfully','{\"asset_id\":1,\"credential_id\":1,\"protocol\":\"ssh\",\"width\":0,\"height\":0}','',0,'2025-07-19 19:56:24','2025-07-21 07:09:06','2025-07-21 15:09:06'),(17,1,'admin','127.0.0.1','POST','/api/v1/ssh/sessions','create','session',0,201,'SSH session created successfully','{\"asset_id\":2,\"credential_id\":1,\"protocol\":\"ssh\",\"width\":0,\"height\":0}','',0,'2025-07-19 19:56:26','2025-07-21 07:09:06','2025-07-21 15:09:06'),(18,1,'admin','127.0.0.1','POST','/api/v1/ssh/sessions','create','session',0,201,'SSH session created successfully','{\"asset_id\":1,\"credential_id\":1,\"protocol\":\"ssh\",\"width\":0,\"height\":0}','',0,'2025-07-19 20:06:24','2025-07-21 07:09:06','2025-07-21 15:09:06'),(19,1,'admin','127.0.0.1','POST','/api/v1/ssh/sessions','create','session',0,201,'SSH session created successfully','{\"asset_id\":2,\"credential_id\":1,\"protocol\":\"ssh\",\"width\":0,\"height\":0}','',0,'2025-07-19 20:06:27','2025-07-21 07:09:06','2025-07-21 15:09:06'),(20,1,'admin','127.0.0.1','POST','/api/v1/ssh/sessions','create','session',0,201,'SSH session created successfully','{\"asset_id\":2,\"credential_id\":1,\"protocol\":\"ssh\",\"width\":0,\"height\":0}','',0,'2025-07-19 20:18:42','2025-07-21 07:09:06','2025-07-21 15:09:06'),(21,1,'admin','127.0.0.1','POST','/api/v1/ssh/sessions','create','session',0,201,'SSH session created successfully','{\"asset_id\":1,\"credential_id\":1,\"protocol\":\"ssh\",\"width\":0,\"height\":0}','',0,'2025-07-19 20:18:44','2025-07-21 07:09:06','2025-07-21 15:09:06'),(22,1,'admin','127.0.0.1','POST','/api/v1/ssh/sessions','create','session',0,201,'SSH session created successfully','{\"asset_id\":1,\"credential_id\":1,\"protocol\":\"ssh\",\"width\":0,\"height\":0}','',0,'2025-07-19 20:19:41','2025-07-21 07:09:06','2025-07-21 15:09:06'),(23,1,'admin','127.0.0.1','POST','/api/v1/ssh/sessions','create','session',0,201,'SSH session created successfully','{\"asset_id\":1,\"credential_id\":1,\"protocol\":\"ssh\",\"width\":0,\"height\":0}','',0,'2025-07-19 21:21:55','2025-07-21 07:09:06','2025-07-21 15:09:06'),(24,1,'admin','127.0.0.1','POST','/api/v1/ssh/sessions','create','session',0,201,'SSH session created successfully','{\"asset_id\":1,\"credential_id\":1,\"protocol\":\"ssh\",\"width\":0,\"height\":0}','',0,'2025-07-19 21:33:35','2025-07-21 07:09:06','2025-07-21 15:09:06'),(25,1,'admin','127.0.0.1','POST','/api/v1/ssh/sessions','create','session',0,201,'SSH session created successfully','{\"asset_id\":1,\"credential_id\":1,\"protocol\":\"ssh\",\"width\":0,\"height\":0}','',0,'2025-07-19 21:38:46','2025-07-21 07:09:06','2025-07-21 15:09:06'),(26,1,'admin','127.0.0.1','POST','/api/v1/ssh/sessions','create','session',0,201,'SSH session created successfully','{\"asset_id\":2,\"credential_id\":1,\"protocol\":\"ssh\",\"width\":0,\"height\":0}','',0,'2025-07-19 21:51:53','2025-07-21 07:09:06','2025-07-21 15:09:06'),(27,1,'admin','127.0.0.1','POST','/api/v1/ssh/sessions','create','session',0,201,'SSH session created successfully','{\"asset_id\":1,\"credential_id\":1,\"protocol\":\"ssh\",\"width\":0,\"height\":0}','',0,'2025-07-19 22:24:18','2025-07-21 07:09:06','2025-07-21 15:09:06'),(28,1,'admin','127.0.0.1','POST','/api/v1/ssh/sessions','create','session',0,201,'SSH session created successfully','{\"asset_id\":1,\"credential_id\":1,\"protocol\":\"ssh\",\"width\":0,\"height\":0}','',0,'2025-07-19 22:33:34','2025-07-21 07:09:06','2025-07-21 15:09:06'),(29,1,'admin','127.0.0.1','POST','/api/v1/ssh/sessions','create','session',0,201,'SSH session created successfully','{\"asset_id\":1,\"credential_id\":1,\"protocol\":\"ssh\",\"width\":0,\"height\":0}','',0,'2025-07-19 22:35:02','2025-07-21 07:09:06','2025-07-21 15:09:06'),(30,1,'admin','127.0.0.1','POST','/api/v1/ssh/sessions','create','session',0,201,'SSH session created successfully','{\"asset_id\":1,\"credential_id\":1,\"protocol\":\"ssh\",\"width\":0,\"height\":0}','',0,'2025-07-20 00:52:12','2025-07-21 07:09:06','2025-07-21 15:09:06'),(31,1,'admin','127.0.0.1','POST','/api/v1/ssh/sessions','create','session',0,201,'SSH session created successfully','{\"asset_id\":1,\"credential_id\":1,\"protocol\":\"ssh\",\"width\":0,\"height\":0}','',0,'2025-07-20 01:00:59','2025-07-21 07:09:06','2025-07-21 15:09:06'),(32,1,'admin','127.0.0.1','POST','/api/v1/ssh/sessions','create','session',0,201,'SSH session created successfully','{\"asset_id\":1,\"credential_id\":1,\"protocol\":\"ssh\",\"width\":0,\"height\":0}','',0,'2025-07-20 01:02:54','2025-07-21 07:09:06','2025-07-21 15:09:06'),(33,1,'admin','127.0.0.1','POST','/api/v1/ssh/sessions','create','session',0,201,'SSH session created successfully','{\"asset_id\":1,\"credential_id\":1,\"protocol\":\"ssh\",\"width\":0,\"height\":0}','',0,'2025-07-20 01:05:51','2025-07-21 07:09:06','2025-07-21 15:09:06'),(34,1,'admin','127.0.0.1','POST','/api/v1/ssh/sessions','create','session',0,201,'SSH session created successfully','{\"asset_id\":1,\"credential_id\":1,\"protocol\":\"ssh\",\"width\":0,\"height\":0}','',0,'2025-07-20 02:27:35','2025-07-21 07:09:06','2025-07-21 15:09:06'),(35,1,'admin','127.0.0.1','POST','/api/v1/ssh/sessions','create','session',0,201,'SSH session created successfully','{\"asset_id\":1,\"credential_id\":1,\"protocol\":\"ssh\",\"width\":0,\"height\":0}','',0,'2025-07-20 03:07:58','2025-07-21 07:09:06','2025-07-21 15:09:06'),(36,1,'admin','127.0.0.1','POST','/api/v1/ssh/sessions','create','session',0,201,'SSH session created successfully','{\"asset_id\":2,\"credential_id\":1,\"protocol\":\"ssh\",\"width\":0,\"height\":0}','',0,'2025-07-20 03:19:35','2025-07-21 07:09:06','2025-07-21 15:09:06'),(37,1,'admin','127.0.0.1','POST','/api/v1/ssh/sessions','create','session',0,201,'SSH session created successfully','{\"asset_id\":1,\"credential_id\":1,\"protocol\":\"ssh\",\"width\":0,\"height\":0}','',0,'2025-07-20 03:30:21','2025-07-21 07:09:06','2025-07-21 15:09:06'),(38,1,'admin','127.0.0.1','DELETE','/api/v1/ssh/sessions/ssh-1752953420-8081994974467756696','delete','session',0,200,'SSH session closed successfully','','',0,'2025-07-20 03:30:31','2025-07-21 07:09:06','2025-07-21 15:09:06'),(39,1,'admin','127.0.0.1','POST','/api/v1/ssh/sessions','create','session',0,201,'SSH session created successfully','{\"asset_id\":1,\"credential_id\":1,\"protocol\":\"ssh\",\"width\":0,\"height\":0}','',0,'2025-07-20 03:34:45','2025-07-21 07:09:06','2025-07-21 15:09:06'),(40,1,'admin','127.0.0.1','DELETE','/api/v1/ssh/sessions/ssh-1752953684-4024972527489046346','delete','session',0,200,'SSH session closed successfully','','',0,'2025-07-20 03:34:54','2025-07-21 07:09:06','2025-07-21 15:09:06'),(41,1,'admin','127.0.0.1','POST','/api/v1/ssh/sessions','create','session',0,201,'SSH session created successfully','{\"asset_id\":1,\"credential_id\":1,\"protocol\":\"ssh\",\"width\":0,\"height\":0}','',0,'2025-07-20 03:39:38','2025-07-21 07:09:06','2025-07-21 15:09:06'),(42,1,'admin','127.0.0.1','POST','/api/v1/ssh/sessions','create','session',0,201,'SSH session created successfully','{\"asset_id\":1,\"credential_id\":1,\"protocol\":\"ssh\",\"width\":0,\"height\":0}','',0,'2025-07-20 03:45:32','2025-07-21 07:09:06','2025-07-21 15:09:06'),(43,1,'admin','127.0.0.1','POST','/api/v1/ssh/sessions','create','session',0,201,'SSH session created successfully','{\"asset_id\":2,\"credential_id\":1,\"protocol\":\"ssh\",\"width\":0,\"height\":0}','',0,'2025-07-20 03:50:21','2025-07-21 07:09:06','2025-07-21 15:09:06'),(44,1,'admin','127.0.0.1','DELETE','/api/v1/ssh/sessions/ssh-1752954620-6099512477511395923','delete','session',0,200,'SSH session closed successfully','','',0,'2025-07-20 03:53:52','2025-07-21 07:09:06','2025-07-21 15:09:06'),(45,1,'admin','127.0.0.1','POST','/api/v1/ssh/sessions','create','session',0,201,'SSH session created successfully','{\"asset_id\":1,\"credential_id\":1,\"protocol\":\"ssh\",\"width\":0,\"height\":0}','',0,'2025-07-20 13:55:00','2025-07-21 07:09:06','2025-07-21 15:09:06'),(46,1,'admin','127.0.0.1','DELETE','/api/v1/ssh/sessions/ssh-1752990900-370774199942855965','delete','session',0,200,'SSH session closed successfully','','',0,'2025-07-20 13:55:13','2025-07-21 07:09:06','2025-07-21 15:09:06'),(47,1,'admin','127.0.0.1','POST','/api/v1/ssh/sessions','create','session',0,201,'SSH session created successfully','{\"asset_id\":1,\"credential_id\":1,\"protocol\":\"ssh\",\"width\":0,\"height\":0}','',0,'2025-07-20 14:31:46','2025-07-21 07:09:06','2025-07-21 15:09:06'),(48,1,'admin','127.0.0.1','DELETE','/api/v1/ssh/sessions/ssh-1752993106-7847120665822289358','delete','session',0,200,'SSH session closed successfully','','',0,'2025-07-20 14:32:13','2025-07-21 07:09:06','2025-07-21 15:09:06'),(49,1,'admin','127.0.0.1','POST','/api/v1/ssh/sessions','create','session',0,201,'SSH session created successfully','{\"asset_id\":1,\"credential_id\":1,\"protocol\":\"ssh\",\"width\":0,\"height\":0}','',0,'2025-07-20 15:01:43','2025-07-21 07:09:06','2025-07-21 15:09:06'),(50,1,'admin','127.0.0.1','POST','/api/v1/ssh/sessions','create','session',0,201,'SSH session created successfully','{\"asset_id\":1,\"credential_id\":1,\"protocol\":\"ssh\",\"width\":0,\"height\":0}','',0,'2025-07-20 18:56:29','2025-07-21 07:09:06','2025-07-21 15:09:06'),(51,1,'admin','127.0.0.1','DELETE','/api/v1/ssh/sessions/ssh-1753008988-6039185026323809342','delete','session',0,200,'SSH session closed successfully','','',0,'2025-07-20 18:57:02','2025-07-21 07:09:06','2025-07-21 15:09:06'),(52,1,'admin','127.0.0.1','POST','/api/v1/ssh/sessions','create','session',0,201,'SSH session created successfully','{\"asset_id\":1,\"credential_id\":1,\"protocol\":\"ssh\",\"width\":0,\"height\":0}','',0,'2025-07-20 22:06:20','2025-07-21 07:09:06','2025-07-21 15:09:06'),(53,1,'admin','127.0.0.1','POST','/api/v1/ssh/sessions','create','session',0,201,'SSH session created successfully','{\"asset_id\":1,\"credential_id\":1,\"protocol\":\"ssh\",\"width\":0,\"height\":0}','',0,'2025-07-20 22:18:46','2025-07-21 07:09:06','2025-07-21 15:09:06'),(54,1,'admin','127.0.0.1','DELETE','/api/v1/ssh/sessions/ssh-1753021125-2851693021065206152','delete','session',0,200,'SSH session closed successfully','','',0,'2025-07-20 22:19:12','2025-07-21 07:09:06','2025-07-21 15:09:06'),(55,1,'admin','127.0.0.1','POST','/api/v1/ssh/sessions','create','session',0,201,'SSH session created successfully','{\"asset_id\":1,\"credential_id\":1,\"protocol\":\"ssh\",\"width\":0,\"height\":0}','',0,'2025-07-20 22:23:14','2025-07-21 07:09:06','2025-07-21 15:09:06'),(56,1,'admin','127.0.0.1','DELETE','/api/v1/ssh/sessions/ssh-1753021393-2261146932686485763','delete','session',0,200,'SSH session closed successfully','','',0,'2025-07-20 22:23:28','2025-07-21 07:09:06','2025-07-21 15:09:06'),(57,1,'admin','127.0.0.1','POST','/api/v1/ssh/sessions','create','session',0,201,'SSH session created successfully','{\"asset_id\":1,\"credential_id\":1,\"protocol\":\"ssh\",\"width\":0,\"height\":0}','',0,'2025-07-21 01:16:03','2025-07-21 07:09:06','2025-07-21 15:09:06'),(58,1,'admin','127.0.0.1','DELETE','/api/v1/ssh/sessions/ssh-1753031763-4271359277666939751','delete','session',0,200,'SSH session closed successfully','','',0,'2025-07-21 01:16:29','2025-07-21 07:09:06','2025-07-21 15:09:06'),(59,1,'admin','127.0.0.1','POST','/api/v1/ssh/sessions','create','session',0,201,'SSH session created successfully','{\"asset_id\":1,\"credential_id\":1,\"protocol\":\"ssh\",\"width\":0,\"height\":0}','',0,'2025-07-21 02:08:31','2025-07-21 07:09:06','2025-07-21 15:09:06'),(60,1,'admin','127.0.0.1','DELETE','/audit/session-records/ssh-1752953978-5895494518382474913','delete','session_record',38,200,'删除会话记录: ssh-1752953978-5895494518382474913, 原因: 手动删除操作','','',0,'2025-07-21 12:12:09','2025-07-21 07:09:06','2025-07-21 15:09:06'),(61,1,'admin','127.0.0.1','DELETE','/audit/session-records/batch/delete','batch_delete','session_record',42,200,'批量删除会话记录: ssh-1752993106-7847120665822289358, 原因: 批量删除操作','','',0,'2025-07-21 12:55:23','2025-07-21 07:09:06','2025-07-21 15:09:06'),(62,1,'admin','127.0.0.1','DELETE','/audit/session-records/batch/delete','batch_delete','session_record',10,200,'批量删除会话记录: ssh-1752924473-1189634065970393990, 原因: 批量删除操作','','',0,'2025-07-21 12:55:23','2025-07-21 07:09:06','2025-07-21 15:09:06'),(63,1,'admin','127.0.0.1','DELETE','/audit/session-records/batch/delete','batch_delete','session_record',8,200,'批量删除会话记录: ssh-1752923028-7228630414348505897, 原因: 批量删除操作','','',0,'2025-07-21 12:55:23','2025-07-21 07:09:06','2025-07-21 15:09:06'),(64,1,'admin','127.0.0.1','DELETE','/audit/session-records/batch/delete','batch_delete','session_record',30,200,'批量删除会话记录: ssh-1752944459-6243566557256517286, 原因: 批量删除操作','','',0,'2025-07-21 12:55:23','2025-07-21 07:09:06','2025-07-21 15:09:06'),(65,1,'admin','127.0.0.1','DELETE','/audit/session-records/batch/delete','batch_delete','session_record',12,200,'批量删除会话记录: ssh-1752924626-4663933271319837727, 原因: 批量删除操作','','',0,'2025-07-21 12:55:23','2025-07-21 07:09:06','2025-07-21 15:09:06'),(66,1,'admin','127.0.0.1','DELETE','/audit/session-records/batch/delete','batch_delete','session_record',22,200,'批量删除会话记录: ssh-1752931315-5535434299132930222, 原因: 批量删除操作','','',0,'2025-07-21 12:55:23','2025-07-21 07:09:06','2025-07-21 15:09:06'),(67,1,'admin','127.0.0.1','DELETE','/audit/session-records/batch/delete','batch_delete','session_record',16,200,'批量删除会话记录: ssh-1752926186-5023537601797707302, 原因: 批量删除操作','','',0,'2025-07-21 12:55:23','2025-07-21 07:09:06','2025-07-21 15:09:06'),(68,1,'admin','127.0.0.1','DELETE','/audit/session-records/batch/delete','batch_delete','session_record',18,200,'批量删除会话记录: ssh-1752926787-7762874298677288079, 原因: 批量删除操作','','',0,'2025-07-21 12:55:23','2025-07-21 07:09:06','2025-07-21 15:09:06'),(69,1,'admin','127.0.0.1','DELETE','/audit/session-records/batch/delete','batch_delete','session_record',48,200,'批量删除会话记录: ssh-1753034910-7280127812022472136, 原因: 批量删除操作','','',0,'2025-07-21 12:55:23','2025-07-21 07:09:06','2025-07-21 15:09:06'),(70,1,'admin','127.0.0.1','DELETE','/audit/session-records/batch/delete','batch_delete','session_record',19,200,'批量删除会话记录: ssh-1752927521-145251271167858083, 原因: 批量删除操作','','',0,'2025-07-21 12:55:23','2025-07-21 07:09:06','2025-07-21 15:09:06'),(71,1,'admin','127.0.0.1','DELETE','/audit/session-records/batch/delete','batch_delete','session_record',23,200,'批量删除会话记录: ssh-1752932014-171653861839703862, 原因: 批量删除操作','','',0,'2025-07-21 12:55:23','2025-07-21 07:09:06','2025-07-21 15:09:06'),(72,1,'admin','127.0.0.1','DELETE','/audit/session-records/batch/delete','batch_delete','session_record',26,200,'批量删除会话记录: ssh-1752935058-3077469197586896063, 原因: 批量删除操作','','',0,'2025-07-21 12:55:23','2025-07-21 07:09:06','2025-07-21 15:09:06'),(73,1,'admin','127.0.0.1','DELETE','/audit/session-records/batch/delete','batch_delete','session_record',13,200,'批量删除会话记录: ssh-1752925789-1769891180344921095, 原因: 批量删除操作','','',0,'2025-07-21 12:55:23','2025-07-21 07:09:06','2025-07-21 15:09:06'),(74,1,'admin','127.0.0.1','DELETE','/audit/session-records/batch/delete','batch_delete','session_record',6,200,'批量删除会话记录: ssh-1752920886-3124929020400209411, 原因: 批量删除操作','','',0,'2025-07-21 12:55:23','2025-07-21 07:09:06','2025-07-21 15:09:06'),(75,1,'admin','127.0.0.1','DELETE','/audit/session-records/batch/delete','batch_delete','session_record',17,200,'批量删除会话记录: ssh-1752926784-8273505571312363762, 原因: 批量删除操作','','',0,'2025-07-21 12:55:23','2025-07-21 07:09:06','2025-07-21 15:09:06'),(76,1,'admin','127.0.0.1','DELETE','/audit/session-records/batch/delete','batch_delete','session_record',21,200,'批量删除会话记录: ssh-1752927581-8768338637178989224, 原因: 批量删除操作','','',0,'2025-07-21 12:55:23','2025-07-21 07:09:06','2025-07-21 15:09:06'),(77,1,'admin','127.0.0.1','DELETE','/audit/session-records/batch/delete','batch_delete','session_record',25,200,'批量删除会话记录: ssh-1752933112-8192830029126347680, 原因: 批量删除操作','','',0,'2025-07-21 12:55:23','2025-07-21 07:09:06','2025-07-21 15:09:06'),(78,1,'admin','127.0.0.1','DELETE','/audit/session-records/batch/delete','batch_delete','session_record',35,200,'批量删除会话记录: ssh-1752952774-3844558173056456867, 原因: 批量删除操作','','',0,'2025-07-21 12:55:23','2025-07-21 07:09:06','2025-07-21 15:09:06'),(79,1,'admin','127.0.0.1','DELETE','/audit/session-records/batch/delete','batch_delete','session_record',3,200,'批量删除会话记录: ssh-1752917872-917206268328812167, 原因: 批量删除操作','','',0,'2025-07-21 12:55:23','2025-07-21 06:58:00','2025-07-21 14:58:00'),(80,1,'admin','127.0.0.1','DELETE','/audit/session-records/batch/delete','batch_delete','session_record',44,200,'批量删除会话记录: ssh-1753008988-6039185026323809342, 原因: 批量删除操作','','',0,'2025-07-21 12:55:23','2025-07-21 07:09:06','2025-07-21 15:09:06'),(81,1,'admin','127.0.0.1','DELETE','/audit/session-records/batch/delete','batch_delete','session_record',4,200,'批量删除会话记录: ssh-1752919154-3278977728989847192, 原因: 批量删除操作','','',0,'2025-07-21 12:55:23','2025-07-21 07:09:06','2025-07-21 15:09:06'),(82,1,'admin','127.0.0.1','DELETE','/audit/session-records/batch/delete','batch_delete','session_record',41,200,'批量删除会话记录: ssh-1752990900-370774199942855965, 原因: 批量删除操作','','',0,'2025-07-21 12:55:23','2025-07-21 07:09:06','2025-07-21 15:09:06'),(83,1,'admin','127.0.0.1','DELETE','/audit/session-records/batch/delete','batch_delete','session_record',43,200,'批量删除会话记录: ssh-1752994902-3785020943241838822, 原因: 批量删除操作','','',0,'2025-07-21 12:55:23','2025-07-21 07:09:06','2025-07-21 15:09:06'),(84,1,'admin','127.0.0.1','DELETE','/audit/session-records/batch/delete','batch_delete','session_record',9,200,'批量删除会话记录: ssh-1752924447-6250194059030635017, 原因: 批量删除操作','','',0,'2025-07-21 12:55:23','2025-07-21 07:09:06','2025-07-21 15:09:06'),(85,1,'admin','127.0.0.1','DELETE','/audit/session-records/batch/delete','batch_delete','session_record',1,200,'批量删除会话记录: ssh-1752915146-8647340127419674204, 原因: 批量删除操作','','',0,'2025-07-21 12:55:23','2025-07-21 07:09:06','2025-07-21 15:09:06'),(86,1,'admin','127.0.0.1','DELETE','/audit/session-records/batch/delete','batch_delete','session_record',45,200,'批量删除会话记录: ssh-1753021393-2261146932686485763, 原因: 批量删除操作','','',0,'2025-07-21 12:55:23','2025-07-21 07:09:06','2025-07-21 15:09:06'),(87,1,'admin','127.0.0.1','DELETE','/audit/session-records/batch/delete','batch_delete','session_record',11,200,'批量删除会话记录: ssh-1752924623-5149290376312249284, 原因: 批量删除操作','','',0,'2025-07-21 12:55:23','2025-07-21 07:09:06','2025-07-21 15:09:06'),(88,1,'admin','127.0.0.1','DELETE','/audit/session-records/batch/delete','batch_delete','session_record',28,200,'批量删除会话记录: ssh-1752935702-5192766140324586676, 原因: 批量删除操作','','',0,'2025-07-21 12:55:23','2025-07-21 07:09:06','2025-07-21 15:09:06'),(89,1,'admin','127.0.0.1','DELETE','/audit/session-records/batch/delete','batch_delete','session_record',39,200,'批量删除会话记录: ssh-1752954332-370513894315401249, 原因: 批量删除操作','','',0,'2025-07-21 12:55:23','2025-07-21 07:09:06','2025-07-21 15:09:06'),(90,1,'admin','127.0.0.1','DELETE','/audit/session-records/batch/delete','batch_delete','session_record',2,200,'批量删除会话记录: ssh-1752917414-7395767359283634957, 原因: 批量删除操作','','',0,'2025-07-21 12:55:23','2025-07-21 07:09:06','2025-07-21 15:09:06'),(91,1,'admin','127.0.0.1','DELETE','/audit/session-records/batch/delete','batch_delete','session_record',32,200,'批量删除会话记录: ssh-1752944750-8260972995069143691, 原因: 批量删除操作','','',0,'2025-07-21 12:55:23','2025-07-21 07:09:06','2025-07-21 15:09:06'),(92,1,'admin','127.0.0.1','DELETE','/audit/session-records/batch/delete','batch_delete','session_record',27,200,'批量删除会话记录: ssh-1752935614-5823250833594007208, 原因: 批量删除操作','','',0,'2025-07-21 12:55:23','2025-07-21 07:09:06','2025-07-21 15:09:06'),(93,1,'admin','127.0.0.1','DELETE','/audit/session-records/batch/delete','batch_delete','session_record',7,200,'批量删除会话记录: ssh-1752922855-3977005027420487119, 原因: 批量删除操作','','',0,'2025-07-21 12:55:23','2025-07-21 07:09:06','2025-07-21 15:09:06'),(94,1,'admin','127.0.0.1','DELETE','/audit/session-records/batch/delete','batch_delete','session_record',14,200,'批量删除会话记录: ssh-1752925792-3158511774053232742, 原因: 批量删除操作','','',0,'2025-07-21 12:55:23','2025-07-21 07:09:06','2025-07-21 15:09:06'),(95,1,'admin','127.0.0.1','DELETE','/audit/session-records/batch/delete','batch_delete','session_record',15,200,'批量删除会话记录: ssh-1752926183-6403454505037949307, 原因: 批量删除操作','','',0,'2025-07-21 12:55:23','2025-07-21 07:09:06','2025-07-21 15:09:06'),(96,1,'admin','127.0.0.1','DELETE','/audit/session-records/batch/delete','batch_delete','session_record',36,200,'批量删除会话记录: ssh-1752953420-8081994974467756696, 原因: 批量删除操作','','',0,'2025-07-21 12:55:23','2025-07-21 07:09:06','2025-07-21 15:09:06'),(97,1,'admin','127.0.0.1','DELETE','/audit/session-records/batch/delete','batch_delete','session_record',24,200,'批量删除会话记录: ssh-1752932326-8803705354158854306, 原因: 批量删除操作','','',0,'2025-07-21 12:55:23','2025-07-21 07:09:06','2025-07-21 15:09:06'),(98,1,'admin','127.0.0.1','DELETE','/audit/session-records/batch/delete','batch_delete','session_record',40,200,'批量删除会话记录: ssh-1752954620-6099512477511395923, 原因: 批量删除操作','','',0,'2025-07-21 12:55:23','2025-07-21 07:09:06','2025-07-21 15:09:06'),(99,1,'admin','127.0.0.1','DELETE','/audit/session-records/batch/delete','batch_delete','session_record',33,200,'批量删除会话记录: ssh-1752949655-440352388834370781, 原因: 批量删除操作','','',0,'2025-07-21 12:55:23','2025-07-21 07:09:06','2025-07-21 15:09:06'),(100,1,'admin','127.0.0.1','DELETE','/audit/session-records/batch/delete','batch_delete','session_record',20,200,'批量删除会话记录: ssh-1752927524-5406191887856554639, 原因: 批量删除操作','','',0,'2025-07-21 12:55:23','2025-07-21 07:09:06','2025-07-21 15:09:06'),(101,1,'admin','127.0.0.1','DELETE','/audit/session-records/batch/delete','batch_delete','session_record',5,200,'批量删除会话记录: ssh-1752920860-3922414481755963707, 原因: 批量删除操作','','',0,'2025-07-21 12:55:23','2025-07-21 07:09:06','2025-07-21 15:09:06'),(102,1,'admin','127.0.0.1','DELETE','/audit/session-records/batch/delete','batch_delete','session_record',29,200,'批量删除会话记录: ssh-1752943932-7366255010898905296, 原因: 批量删除操作','','',0,'2025-07-21 12:55:23','2025-07-21 07:09:06','2025-07-21 15:09:06'),(103,1,'admin','127.0.0.1','DELETE','/audit/session-records/batch/delete','batch_delete','session_record',31,200,'批量删除会话记录: ssh-1752944574-2094210409098121183, 原因: 批量删除操作','','',0,'2025-07-21 12:55:23','2025-07-21 07:09:06','2025-07-21 15:09:06'),(104,1,'admin','127.0.0.1','DELETE','/audit/session-records/batch/delete','batch_delete','session_record',37,200,'批量删除会话记录: ssh-1752953684-4024972527489046346, 原因: 批量删除操作','','',0,'2025-07-21 12:55:23','2025-07-21 07:09:06','2025-07-21 15:09:06'),(105,1,'admin','127.0.0.1','DELETE','/audit/session-records/batch/delete','batch_delete','session_record',34,200,'批量删除会话记录: ssh-1752952078-4815445536803869219, 原因: 批量删除操作','','',0,'2025-07-21 12:55:23','2025-07-21 07:09:06','2025-07-21 15:09:06'),(106,1,'admin','127.0.0.1','DELETE','/audit/session-records/batch/delete','batch_delete','session_record',46,200,'批量删除会话记录: ssh-1753031763-4271359277666939751, 原因: 批量删除操作','','',0,'2025-07-21 12:55:23','2025-07-21 07:09:06','2025-07-21 15:09:06'),(107,1,'admin','127.0.0.1','POST','/api/v1/ssh/sessions','create','session',0,201,'SSH session created successfully','{\"asset_id\":1,\"credential_id\":1,\"protocol\":\"ssh\",\"width\":0,\"height\":0}','',0,'2025-07-21 14:09:17','2025-07-21 07:09:06','2025-07-21 15:09:06'),(108,1,'admin','127.0.0.1','DELETE','/api/v1/ssh/sessions/ssh-1753078157-1052843410700792011','delete','session',0,200,'SSH session closed successfully','','',0,'2025-07-21 14:09:35','2025-07-21 07:09:06','2025-07-21 15:09:06'),(109,1,'admin','127.0.0.1','POST','/api/v1/ssh/sessions','create','session',0,201,'SSH session created successfully','{\"asset_id\":2,\"credential_id\":1,\"protocol\":\"ssh\",\"width\":0,\"height\":0}','',0,'2025-07-21 14:10:01','2025-07-21 06:58:06','2025-07-21 14:58:06'),(110,1,'admin','127.0.0.1','DELETE','/api/v1/ssh/sessions/ssh-1753078200-2023537794095558825','delete','session',0,200,'SSH session closed successfully','','',0,'2025-07-21 14:10:10','2025-07-21 07:09:06','2025-07-21 15:09:06'),(111,1,'admin','127.0.0.1','POST','/api/v1/ssh/sessions','create','session',0,201,'SSH session created successfully','{\"asset_id\":2,\"credential_id\":1,\"protocol\":\"ssh\",\"width\":0,\"height\":0}','',0,'2025-07-21 14:10:37','2025-07-21 07:09:06','2025-07-21 15:09:06'),(112,1,'admin','127.0.0.1','DELETE','/audit/session-records/batch/delete','batch_delete','session_record',54,200,'批量删除会话记录: ssh-1753078236-2049442131430500143, 原因: 批量删除操作','','',0,'2025-07-21 14:26:37','2025-07-21 07:09:06','2025-07-21 15:09:06'),(113,1,'admin','127.0.0.1','DELETE','/audit/session-records/batch/delete','batch_delete','session_record',52,200,'批量删除会话记录: ssh-1753078200-2023537794095558825, 原因: 批量删除操作','','',0,'2025-07-21 14:26:37','2025-07-21 07:09:06','2025-07-21 15:09:06'),(114,1,'admin','127.0.0.1','DELETE','/audit/session-records/batch/delete','batch_delete','session_record',50,200,'批量删除会话记录: ssh-1753078157-1052843410700792011, 原因: 批量删除操作','','',0,'2025-07-21 14:26:37','2025-07-21 07:09:06','2025-07-21 15:09:06'),(115,1,'admin','127.0.0.1','DELETE','/audit/operation-logs/79','delete','operation_log',79,200,'删除操作日志: ID=79, 原因: 手动删除操作','','',0,'2025-07-21 14:58:00','2025-07-21 07:09:06','2025-07-21 15:09:06'),(116,1,'admin','127.0.0.1','DELETE','/audit/operation-logs/109','delete','operation_log',109,200,'删除操作日志: ID=109, 原因: 手动删除操作','','',0,'2025-07-21 14:58:06','2025-07-21 07:09:06','2025-07-21 15:09:06'),(117,1,'admin','127.0.0.1','DELETE','/audit/operation-logs/batch/delete','batch_delete','operation_log',30,200,'批量删除操作日志: ID=30, 原因: 批量删除操作','','',0,'2025-07-21 15:09:06','2025-07-21 07:09:14','2025-07-21 15:09:14'),(118,1,'admin','127.0.0.1','DELETE','/audit/operation-logs/batch/delete','batch_delete','operation_log',15,200,'批量删除操作日志: ID=15, 原因: 批量删除操作','','',0,'2025-07-21 15:09:06','2025-07-21 07:09:14','2025-07-21 15:09:14'),(119,1,'admin','127.0.0.1','DELETE','/audit/operation-logs/batch/delete','batch_delete','operation_log',24,200,'批量删除操作日志: ID=24, 原因: 批量删除操作','','',0,'2025-07-21 15:09:06','2025-07-21 07:09:14','2025-07-21 15:09:14'),(120,1,'admin','127.0.0.1','DELETE','/audit/operation-logs/batch/delete','batch_delete','operation_log',17,200,'批量删除操作日志: ID=17, 原因: 批量删除操作','','',0,'2025-07-21 15:09:06','2025-07-21 07:09:14','2025-07-21 15:09:14'),(121,1,'admin','127.0.0.1','DELETE','/audit/operation-logs/batch/delete','batch_delete','operation_log',42,200,'批量删除操作日志: ID=42, 原因: 批量删除操作','','',0,'2025-07-21 15:09:06','2025-07-21 07:09:14','2025-07-21 15:09:14'),(122,1,'admin','127.0.0.1','DELETE','/audit/operation-logs/batch/delete','batch_delete','operation_log',38,200,'批量删除操作日志: ID=38, 原因: 批量删除操作','','',0,'2025-07-21 15:09:06','2025-07-21 07:09:14','2025-07-21 15:09:14'),(123,1,'admin','127.0.0.1','DELETE','/audit/operation-logs/batch/delete','batch_delete','operation_log',37,200,'批量删除操作日志: ID=37, 原因: 批量删除操作','','',0,'2025-07-21 15:09:06','2025-07-21 07:09:14','2025-07-21 15:09:14'),(124,1,'admin','127.0.0.1','DELETE','/audit/operation-logs/batch/delete','batch_delete','operation_log',16,200,'批量删除操作日志: ID=16, 原因: 批量删除操作','','',0,'2025-07-21 15:09:06','2025-07-21 07:09:14','2025-07-21 15:09:14'),(125,1,'admin','127.0.0.1','DELETE','/audit/operation-logs/batch/delete','batch_delete','operation_log',89,200,'批量删除操作日志: ID=89, 原因: 批量删除操作','','',0,'2025-07-21 15:09:06','2025-07-21 09:29:59','2025-07-21 17:29:59'),(126,1,'admin','127.0.0.1','DELETE','/audit/operation-logs/batch/delete','batch_delete','operation_log',71,200,'批量删除操作日志: ID=71, 原因: 批量删除操作','','',0,'2025-07-21 15:09:06','2025-07-21 07:09:14','2025-07-21 15:09:14'),(127,1,'admin','127.0.0.1','DELETE','/audit/operation-logs/batch/delete','batch_delete','operation_log',94,200,'批量删除操作日志: ID=94, 原因: 批量删除操作','','',0,'2025-07-21 15:09:06','2025-07-21 09:29:59','2025-07-21 17:29:59'),(128,1,'admin','127.0.0.1','DELETE','/audit/operation-logs/batch/delete','batch_delete','operation_log',18,200,'批量删除操作日志: ID=18, 原因: 批量删除操作','','',0,'2025-07-21 15:09:06','2025-07-21 07:09:14','2025-07-21 15:09:14'),(129,1,'admin','127.0.0.1','DELETE','/audit/operation-logs/batch/delete','batch_delete','operation_log',23,200,'批量删除操作日志: ID=23, 原因: 批量删除操作','','',0,'2025-07-21 15:09:06','2025-07-21 07:09:14','2025-07-21 15:09:14'),(130,1,'admin','127.0.0.1','DELETE','/audit/operation-logs/batch/delete','batch_delete','operation_log',20,200,'批量删除操作日志: ID=20, 原因: 批量删除操作','','',0,'2025-07-21 15:09:06','2025-07-21 07:09:14','2025-07-21 15:09:14'),(131,1,'admin','127.0.0.1','DELETE','/audit/operation-logs/batch/delete','batch_delete','operation_log',53,200,'批量删除操作日志: ID=53, 原因: 批量删除操作','','',0,'2025-07-21 15:09:06','2025-07-21 07:09:14','2025-07-21 15:09:14'),(132,1,'admin','127.0.0.1','DELETE','/audit/operation-logs/batch/delete','batch_delete','operation_log',57,200,'批量删除操作日志: ID=57, 原因: 批量删除操作','','',0,'2025-07-21 15:09:06','2025-07-21 07:09:14','2025-07-21 15:09:14'),(133,1,'admin','127.0.0.1','DELETE','/audit/operation-logs/batch/delete','batch_delete','operation_log',47,200,'批量删除操作日志: ID=47, 原因: 批量删除操作','','',0,'2025-07-21 15:09:06','2025-07-21 09:29:59','2025-07-21 17:29:59'),(134,1,'admin','127.0.0.1','DELETE','/audit/operation-logs/batch/delete','batch_delete','operation_log',52,200,'批量删除操作日志: ID=52, 原因: 批量删除操作','','',0,'2025-07-21 15:09:06','2025-07-21 09:29:59','2025-07-21 17:29:59'),(135,1,'admin','127.0.0.1','DELETE','/audit/operation-logs/batch/delete','batch_delete','operation_log',43,200,'批量删除操作日志: ID=43, 原因: 批量删除操作','','',0,'2025-07-21 15:09:06','2025-07-21 09:29:59','2025-07-21 17:29:59'),(136,1,'admin','127.0.0.1','DELETE','/audit/operation-logs/batch/delete','batch_delete','operation_log',45,200,'批量删除操作日志: ID=45, 原因: 批量删除操作','','',0,'2025-07-21 15:09:06','2025-07-21 09:29:59','2025-07-21 17:29:59'),(137,1,'admin','127.0.0.1','DELETE','/audit/operation-logs/batch/delete','batch_delete','operation_log',90,200,'批量删除操作日志: ID=90, 原因: 批量删除操作','','',0,'2025-07-21 15:09:06','2025-07-21 09:29:59','2025-07-21 17:29:59'),(138,1,'admin','127.0.0.1','DELETE','/audit/operation-logs/batch/delete','batch_delete','operation_log',54,200,'批量删除操作日志: ID=54, 原因: 批量删除操作','','',0,'2025-07-21 15:09:06','2025-07-21 09:29:59','2025-07-21 17:29:59'),(139,1,'admin','127.0.0.1','DELETE','/audit/operation-logs/batch/delete','batch_delete','operation_log',32,200,'批量删除操作日志: ID=32, 原因: 批量删除操作','','',0,'2025-07-21 15:09:06','2025-07-21 09:29:59','2025-07-21 17:29:59'),(140,1,'admin','127.0.0.1','DELETE','/audit/operation-logs/batch/delete','batch_delete','operation_log',49,200,'批量删除操作日志: ID=49, 原因: 批量删除操作','','',0,'2025-07-21 15:09:06','2025-07-21 09:29:59','2025-07-21 17:29:59'),(141,1,'admin','127.0.0.1','DELETE','/audit/operation-logs/batch/delete','batch_delete','operation_log',44,200,'批量删除操作日志: ID=44, 原因: 批量删除操作','','',0,'2025-07-21 15:09:06','2025-07-21 09:29:59','2025-07-21 17:29:59'),(142,1,'admin','127.0.0.1','DELETE','/audit/operation-logs/batch/delete','batch_delete','operation_log',33,200,'批量删除操作日志: ID=33, 原因: 批量删除操作','','',0,'2025-07-21 15:09:06','2025-07-21 09:29:59','2025-07-21 17:29:59'),(143,1,'admin','127.0.0.1','DELETE','/audit/operation-logs/batch/delete','batch_delete','operation_log',31,200,'批量删除操作日志: ID=31, 原因: 批量删除操作','','',0,'2025-07-21 15:09:06','2025-07-21 09:29:59','2025-07-21 17:29:59'),(144,1,'admin','127.0.0.1','DELETE','/audit/operation-logs/batch/delete','batch_delete','operation_log',92,200,'批量删除操作日志: ID=92, 原因: 批量删除操作','','',0,'2025-07-21 15:09:06','2025-07-21 09:29:59','2025-07-21 17:29:59'),(145,1,'admin','127.0.0.1','DELETE','/audit/operation-logs/batch/delete','batch_delete','operation_log',34,200,'批量删除操作日志: ID=34, 原因: 批量删除操作','','',0,'2025-07-21 15:09:06','2025-07-21 09:29:59','2025-07-21 17:29:59'),(146,1,'admin','127.0.0.1','DELETE','/audit/operation-logs/batch/delete','batch_delete','operation_log',56,200,'批量删除操作日志: ID=56, 原因: 批量删除操作','','',0,'2025-07-21 15:09:06','2025-07-21 09:29:59','2025-07-21 17:29:59'),(147,1,'admin','127.0.0.1','DELETE','/audit/operation-logs/batch/delete','batch_delete','operation_log',61,200,'批量删除操作日志: ID=61, 原因: 批量删除操作','','',0,'2025-07-21 15:09:06','2025-07-21 09:29:59','2025-07-21 17:29:59'),(148,1,'admin','127.0.0.1','DELETE','/audit/operation-logs/batch/delete','batch_delete','operation_log',48,200,'批量删除操作日志: ID=48, 原因: 批量删除操作','','',0,'2025-07-21 15:09:06','2025-07-21 09:29:59','2025-07-21 17:29:59'),(149,1,'admin','127.0.0.1','DELETE','/audit/operation-logs/batch/delete','batch_delete','operation_log',111,200,'批量删除操作日志: ID=111, 原因: 批量删除操作','','',0,'2025-07-21 15:09:06','2025-07-21 09:29:59','2025-07-21 17:29:59'),(150,1,'admin','127.0.0.1','DELETE','/audit/operation-logs/batch/delete','batch_delete','operation_log',25,200,'批量删除操作日志: ID=25, 原因: 批量删除操作','','',0,'2025-07-21 15:09:06','2025-07-21 09:29:59','2025-07-21 17:29:59'),(151,1,'admin','127.0.0.1','DELETE','/audit/operation-logs/batch/delete','batch_delete','operation_log',35,200,'批量删除操作日志: ID=35, 原因: 批量删除操作','','',0,'2025-07-21 15:09:06','2025-07-21 09:29:59','2025-07-21 17:29:59'),(152,1,'admin','127.0.0.1','DELETE','/audit/operation-logs/batch/delete','batch_delete','operation_log',51,200,'批量删除操作日志: ID=51, 原因: 批量删除操作','','',0,'2025-07-21 15:09:06','2025-07-21 09:29:59','2025-07-21 17:29:59'),(153,1,'admin','127.0.0.1','DELETE','/audit/operation-logs/batch/delete','batch_delete','operation_log',27,200,'批量删除操作日志: ID=27, 原因: 批量删除操作','','',0,'2025-07-21 15:09:06','2025-07-21 09:29:59','2025-07-21 17:29:59'),(154,1,'admin','127.0.0.1','DELETE','/audit/operation-logs/batch/delete','batch_delete','operation_log',96,200,'批量删除操作日志: ID=96, 原因: 批量删除操作','','',0,'2025-07-21 15:09:06','2025-07-21 09:29:59','2025-07-21 17:29:59'),(155,1,'admin','127.0.0.1','DELETE','/audit/operation-logs/batch/delete','batch_delete','operation_log',65,200,'批量删除操作日志: ID=65, 原因: 批量删除操作','','',0,'2025-07-21 15:09:06','2025-07-21 09:29:59','2025-07-21 17:29:59'),(156,1,'admin','127.0.0.1','DELETE','/audit/operation-logs/batch/delete','batch_delete','operation_log',36,200,'批量删除操作日志: ID=36, 原因: 批量删除操作','','',0,'2025-07-21 15:09:06','2025-07-21 09:29:59','2025-07-21 17:29:59'),(157,1,'admin','127.0.0.1','DELETE','/audit/operation-logs/batch/delete','batch_delete','operation_log',50,200,'批量删除操作日志: ID=50, 原因: 批量删除操作','','',0,'2025-07-21 15:09:06','2025-07-21 09:29:59','2025-07-21 17:29:59'),(158,1,'admin','127.0.0.1','DELETE','/audit/operation-logs/batch/delete','batch_delete','operation_log',98,200,'批量删除操作日志: ID=98, 原因: 批量删除操作','','',0,'2025-07-21 15:09:06','2025-07-21 09:29:59','2025-07-21 17:29:59'),(159,1,'admin','127.0.0.1','DELETE','/audit/operation-logs/batch/delete','batch_delete','operation_log',102,200,'批量删除操作日志: ID=102, 原因: 批量删除操作','','',0,'2025-07-21 15:09:06','2025-07-21 09:29:59','2025-07-21 17:29:59'),(160,1,'admin','127.0.0.1','DELETE','/audit/operation-logs/batch/delete','batch_delete','operation_log',28,200,'批量删除操作日志: ID=28, 原因: 批量删除操作','','',0,'2025-07-21 15:09:06','2025-07-21 09:29:59','2025-07-21 17:29:59'),(161,1,'admin','127.0.0.1','DELETE','/audit/operation-logs/batch/delete','batch_delete','operation_log',19,200,'批量删除操作日志: ID=19, 原因: 批量删除操作','','',0,'2025-07-21 15:09:06','2025-07-21 09:29:59','2025-07-21 17:29:59'),(162,1,'admin','127.0.0.1','DELETE','/audit/operation-logs/batch/delete','batch_delete','operation_log',73,200,'批量删除操作日志: ID=73, 原因: 批量删除操作','','',0,'2025-07-21 15:09:06','2025-07-21 09:29:59','2025-07-21 17:29:59'),(163,1,'admin','127.0.0.1','DELETE','/audit/operation-logs/batch/delete','batch_delete','operation_log',59,200,'批量删除操作日志: ID=59, 原因: 批量删除操作','','',0,'2025-07-21 15:09:06','2025-07-21 09:29:59','2025-07-21 17:29:59'),(164,1,'admin','127.0.0.1','DELETE','/audit/operation-logs/batch/delete','batch_delete','operation_log',101,200,'批量删除操作日志: ID=101, 原因: 批量删除操作','','',0,'2025-07-21 15:09:06','2025-07-21 09:29:59','2025-07-21 17:29:59'),(165,1,'admin','127.0.0.1','DELETE','/audit/operation-logs/batch/delete','batch_delete','operation_log',97,200,'批量删除操作日志: ID=97, 原因: 批量删除操作','','',0,'2025-07-21 15:09:06','2025-07-21 09:29:59','2025-07-21 17:29:59'),(166,1,'admin','127.0.0.1','DELETE','/audit/operation-logs/batch/delete','batch_delete','operation_log',29,200,'批量删除操作日志: ID=29, 原因: 批量删除操作','','',0,'2025-07-21 15:09:06','2025-07-21 09:29:59','2025-07-21 17:29:59'),(167,1,'admin','127.0.0.1','DELETE','/audit/operation-logs/batch/delete','batch_delete','operation_log',72,200,'批量删除操作日志: ID=72, 原因: 批量删除操作','','',0,'2025-07-21 15:09:06','2025-07-21 09:29:59','2025-07-21 17:29:59'),(168,1,'admin','127.0.0.1','DELETE','/audit/operation-logs/batch/delete','batch_delete','operation_log',26,200,'批量删除操作日志: ID=26, 原因: 批量删除操作','','',0,'2025-07-21 15:09:06','2025-07-21 09:29:59','2025-07-21 17:29:59'),(169,1,'admin','127.0.0.1','DELETE','/audit/operation-logs/batch/delete','batch_delete','operation_log',40,200,'批量删除操作日志: ID=40, 原因: 批量删除操作','','',0,'2025-07-21 15:09:06','2025-07-21 09:29:59','2025-07-21 17:29:59'),(170,1,'admin','127.0.0.1','DELETE','/audit/operation-logs/batch/delete','batch_delete','operation_log',39,200,'批量删除操作日志: ID=39, 原因: 批量删除操作','','',0,'2025-07-21 15:09:06','2025-07-21 09:29:59','2025-07-21 17:29:59'),(171,1,'admin','127.0.0.1','DELETE','/audit/operation-logs/batch/delete','batch_delete','operation_log',87,200,'批量删除操作日志: ID=87, 原因: 批量删除操作','','',0,'2025-07-21 15:09:06','2025-07-21 09:29:59','2025-07-21 17:29:59'),(172,1,'admin','127.0.0.1','DELETE','/audit/operation-logs/batch/delete','batch_delete','operation_log',104,200,'批量删除操作日志: ID=104, 原因: 批量删除操作','','',0,'2025-07-21 15:09:06','2025-07-21 09:29:59','2025-07-21 17:29:59'),(173,1,'admin','127.0.0.1','DELETE','/audit/operation-logs/batch/delete','batch_delete','operation_log',115,200,'批量删除操作日志: ID=115, 原因: 批量删除操作','','',0,'2025-07-21 15:09:06','2025-07-21 09:29:59','2025-07-21 17:29:59'),(174,1,'admin','127.0.0.1','DELETE','/audit/operation-logs/batch/delete','batch_delete','operation_log',110,200,'批量删除操作日志: ID=110, 原因: 批量删除操作','','',0,'2025-07-21 15:09:06','2025-07-21 09:29:59','2025-07-21 17:29:59'),(175,1,'admin','127.0.0.1','DELETE','/audit/operation-logs/batch/delete','batch_delete','operation_log',60,200,'批量删除操作日志: ID=60, 原因: 批量删除操作','','',0,'2025-07-21 15:09:06','2025-07-21 09:29:59','2025-07-21 17:29:59'),(176,1,'admin','127.0.0.1','DELETE','/audit/operation-logs/batch/delete','batch_delete','operation_log',63,200,'批量删除操作日志: ID=63, 原因: 批量删除操作','','',0,'2025-07-21 15:09:06','2025-07-21 09:29:59','2025-07-21 17:29:59'),(177,1,'admin','127.0.0.1','DELETE','/audit/operation-logs/batch/delete','batch_delete','operation_log',67,200,'批量删除操作日志: ID=67, 原因: 批量删除操作','','',0,'2025-07-21 15:09:06','2025-07-21 09:29:59','2025-07-21 17:29:59'),(178,1,'admin','127.0.0.1','DELETE','/audit/operation-logs/batch/delete','batch_delete','operation_log',74,200,'批量删除操作日志: ID=74, 原因: 批量删除操作','','',0,'2025-07-21 15:09:06','2025-07-21 09:29:59','2025-07-21 17:29:59'),(179,1,'admin','127.0.0.1','DELETE','/audit/operation-logs/batch/delete','batch_delete','operation_log',105,200,'批量删除操作日志: ID=105, 原因: 批量删除操作','','',0,'2025-07-21 15:09:06','2025-07-21 09:29:59','2025-07-21 17:29:59'),(180,1,'admin','127.0.0.1','DELETE','/audit/operation-logs/batch/delete','batch_delete','operation_log',85,200,'批量删除操作日志: ID=85, 原因: 批量删除操作','','',0,'2025-07-21 15:09:06','2025-07-21 09:29:59','2025-07-21 17:29:59'),(181,1,'admin','127.0.0.1','DELETE','/audit/operation-logs/batch/delete','batch_delete','operation_log',70,200,'批量删除操作日志: ID=70, 原因: 批量删除操作','','',0,'2025-07-21 15:09:06','2025-07-21 09:29:59','2025-07-21 17:29:59'),(182,1,'admin','127.0.0.1','DELETE','/audit/operation-logs/batch/delete','batch_delete','operation_log',113,200,'批量删除操作日志: ID=113, 原因: 批量删除操作','','',0,'2025-07-21 15:09:06','2025-07-21 09:29:59','2025-07-21 17:29:59'),(183,1,'admin','127.0.0.1','DELETE','/audit/operation-logs/batch/delete','batch_delete','operation_log',83,200,'批量删除操作日志: ID=83, 原因: 批量删除操作','','',0,'2025-07-21 15:09:06','2025-07-21 09:29:59','2025-07-21 17:29:59'),(184,1,'admin','127.0.0.1','DELETE','/audit/operation-logs/batch/delete','batch_delete','operation_log',84,200,'批量删除操作日志: ID=84, 原因: 批量删除操作','','',0,'2025-07-21 15:09:06','2025-07-21 09:29:59','2025-07-21 17:29:59'),(185,1,'admin','127.0.0.1','DELETE','/audit/operation-logs/batch/delete','batch_delete','operation_log',66,200,'批量删除操作日志: ID=66, 原因: 批量删除操作','','',0,'2025-07-21 15:09:06','2025-07-21 09:29:59','2025-07-21 17:29:59'),(186,1,'admin','127.0.0.1','DELETE','/audit/operation-logs/batch/delete','batch_delete','operation_log',81,200,'批量删除操作日志: ID=81, 原因: 批量删除操作','','',0,'2025-07-21 15:09:06','2025-07-21 09:29:59','2025-07-21 17:29:59'),(187,1,'admin','127.0.0.1','DELETE','/audit/operation-logs/batch/delete','batch_delete','operation_log',77,200,'批量删除操作日志: ID=77, 原因: 批量删除操作','','',0,'2025-07-21 15:09:06','2025-07-21 09:29:59','2025-07-21 17:29:59'),(188,1,'admin','127.0.0.1','DELETE','/audit/operation-logs/batch/delete','batch_delete','operation_log',82,200,'批量删除操作日志: ID=82, 原因: 批量删除操作','','',0,'2025-07-21 15:09:06','2025-07-21 09:29:59','2025-07-21 17:29:59'),(189,1,'admin','127.0.0.1','DELETE','/audit/operation-logs/batch/delete','batch_delete','operation_log',69,200,'批量删除操作日志: ID=69, 原因: 批量删除操作','','',0,'2025-07-21 15:09:06','2025-07-21 09:29:59','2025-07-21 17:29:59'),(190,1,'admin','127.0.0.1','DELETE','/audit/operation-logs/batch/delete','batch_delete','operation_log',106,200,'批量删除操作日志: ID=106, 原因: 批量删除操作','','',0,'2025-07-21 15:09:06','2025-07-21 09:29:59','2025-07-21 17:29:59'),(191,1,'admin','127.0.0.1','DELETE','/audit/operation-logs/batch/delete','batch_delete','operation_log',108,200,'批量删除操作日志: ID=108, 原因: 批量删除操作','','',0,'2025-07-21 15:09:06','2025-07-21 09:29:59','2025-07-21 17:29:59'),(192,1,'admin','127.0.0.1','DELETE','/audit/operation-logs/batch/delete','batch_delete','operation_log',75,200,'批量删除操作日志: ID=75, 原因: 批量删除操作','','',0,'2025-07-21 15:09:06','2025-07-21 09:29:59','2025-07-21 17:29:59'),(193,1,'admin','127.0.0.1','DELETE','/audit/operation-logs/batch/delete','batch_delete','operation_log',107,200,'批量删除操作日志: ID=107, 原因: 批量删除操作','','',0,'2025-07-21 15:09:06','2025-07-21 09:29:59','2025-07-21 17:29:59'),(194,1,'admin','127.0.0.1','DELETE','/audit/operation-logs/batch/delete','batch_delete','operation_log',86,200,'批量删除操作日志: ID=86, 原因: 批量删除操作','','',0,'2025-07-21 15:09:06','2025-07-21 09:29:59','2025-07-21 17:29:59'),(195,1,'admin','127.0.0.1','DELETE','/audit/operation-logs/batch/delete','batch_delete','operation_log',112,200,'批量删除操作日志: ID=112, 原因: 批量删除操作','','',0,'2025-07-21 15:09:06','2025-07-21 09:29:59','2025-07-21 17:29:59'),(196,1,'admin','127.0.0.1','DELETE','/audit/operation-logs/batch/delete','batch_delete','operation_log',99,200,'批量删除操作日志: ID=99, 原因: 批量删除操作','','',0,'2025-07-21 15:09:06','2025-07-21 09:29:59','2025-07-21 17:29:59'),(197,1,'admin','127.0.0.1','DELETE','/audit/operation-logs/batch/delete','batch_delete','operation_log',58,200,'批量删除操作日志: ID=58, 原因: 批量删除操作','','',0,'2025-07-21 15:09:06','2025-07-21 09:29:59','2025-07-21 17:29:59'),(198,1,'admin','127.0.0.1','DELETE','/audit/operation-logs/batch/delete','batch_delete','operation_log',62,200,'批量删除操作日志: ID=62, 原因: 批量删除操作','','',0,'2025-07-21 15:09:06','2025-07-21 09:29:59','2025-07-21 17:29:59'),(199,1,'admin','127.0.0.1','DELETE','/audit/operation-logs/batch/delete','batch_delete','operation_log',100,200,'批量删除操作日志: ID=100, 原因: 批量删除操作','','',0,'2025-07-21 15:09:06','2025-07-21 09:29:59','2025-07-21 17:29:59'),(200,1,'admin','127.0.0.1','DELETE','/audit/operation-logs/batch/delete','batch_delete','operation_log',41,200,'批量删除操作日志: ID=41, 原因: 批量删除操作','','',0,'2025-07-21 15:09:06','2025-07-21 09:29:59','2025-07-21 17:29:59'),(201,1,'admin','127.0.0.1','DELETE','/audit/operation-logs/batch/delete','batch_delete','operation_log',76,200,'批量删除操作日志: ID=76, 原因: 批量删除操作','','',0,'2025-07-21 15:09:06','2025-07-21 09:29:59','2025-07-21 17:29:59'),(202,1,'admin','127.0.0.1','DELETE','/audit/operation-logs/batch/delete','batch_delete','operation_log',114,200,'批量删除操作日志: ID=114, 原因: 批量删除操作','','',0,'2025-07-21 15:09:06','2025-07-21 09:29:59','2025-07-21 17:29:59'),(203,1,'admin','127.0.0.1','DELETE','/audit/operation-logs/batch/delete','batch_delete','operation_log',80,200,'批量删除操作日志: ID=80, 原因: 批量删除操作','','',0,'2025-07-21 15:09:06','2025-07-21 09:29:59','2025-07-21 17:29:59'),(204,1,'admin','127.0.0.1','DELETE','/audit/operation-logs/batch/delete','batch_delete','operation_log',103,200,'批量删除操作日志: ID=103, 原因: 批量删除操作','','',0,'2025-07-21 15:09:06','2025-07-21 09:30:08','2025-07-21 17:30:07'),(205,1,'admin','127.0.0.1','DELETE','/audit/operation-logs/batch/delete','batch_delete','operation_log',55,200,'批量删除操作日志: ID=55, 原因: 批量删除操作','','',0,'2025-07-21 15:09:06','2025-07-21 09:30:08','2025-07-21 17:30:07'),(206,1,'admin','127.0.0.1','DELETE','/audit/operation-logs/batch/delete','batch_delete','operation_log',68,200,'批量删除操作日志: ID=68, 原因: 批量删除操作','','',0,'2025-07-21 15:09:06','2025-07-21 09:30:08','2025-07-21 17:30:07'),(207,1,'admin','127.0.0.1','DELETE','/audit/operation-logs/batch/delete','batch_delete','operation_log',91,200,'批量删除操作日志: ID=91, 原因: 批量删除操作','','',0,'2025-07-21 15:09:06','2025-07-21 09:30:08','2025-07-21 17:30:07'),(208,1,'admin','127.0.0.1','DELETE','/audit/operation-logs/batch/delete','batch_delete','operation_log',95,200,'批量删除操作日志: ID=95, 原因: 批量删除操作','','',0,'2025-07-21 15:09:06','2025-07-21 09:30:08','2025-07-21 17:30:07'),(209,1,'admin','127.0.0.1','DELETE','/audit/operation-logs/batch/delete','batch_delete','operation_log',93,200,'批量删除操作日志: ID=93, 原因: 批量删除操作','','',0,'2025-07-21 15:09:06','2025-07-21 09:30:08','2025-07-21 17:30:07'),(210,1,'admin','127.0.0.1','DELETE','/audit/operation-logs/batch/delete','batch_delete','operation_log',46,200,'批量删除操作日志: ID=46, 原因: 批量删除操作','','',0,'2025-07-21 15:09:06','2025-07-21 09:30:08','2025-07-21 17:30:07'),(211,1,'admin','127.0.0.1','DELETE','/audit/operation-logs/batch/delete','batch_delete','operation_log',21,200,'批量删除操作日志: ID=21, 原因: 批量删除操作','','',0,'2025-07-21 15:09:06','2025-07-21 09:30:08','2025-07-21 17:30:07'),(212,1,'admin','127.0.0.1','DELETE','/audit/operation-logs/batch/delete','batch_delete','operation_log',88,200,'批量删除操作日志: ID=88, 原因: 批量删除操作','','',0,'2025-07-21 15:09:06','2025-07-21 09:30:08','2025-07-21 17:30:07'),(213,1,'admin','127.0.0.1','DELETE','/audit/operation-logs/batch/delete','batch_delete','operation_log',22,200,'批量删除操作日志: ID=22, 原因: 批量删除操作','','',0,'2025-07-21 15:09:06','2025-07-21 09:30:08','2025-07-21 17:30:07'),(214,1,'admin','127.0.0.1','DELETE','/audit/operation-logs/batch/delete','batch_delete','operation_log',64,200,'批量删除操作日志: ID=64, 原因: 批量删除操作','','',0,'2025-07-21 15:09:06','2025-07-21 09:30:08','2025-07-21 17:30:07'),(215,1,'admin','127.0.0.1','DELETE','/audit/operation-logs/batch/delete','batch_delete','operation_log',116,200,'批量删除操作日志: ID=116, 原因: 批量删除操作','','',0,'2025-07-21 15:09:06','2025-07-21 09:30:08','2025-07-21 17:30:07'),(216,1,'admin','127.0.0.1','DELETE','/audit/operation-logs/batch/delete','batch_delete','operation_log',78,200,'批量删除操作日志: ID=78, 原因: 批量删除操作','','',0,'2025-07-21 15:09:06','2025-07-21 09:30:08','2025-07-21 17:30:07'),(217,1,'admin','127.0.0.1','DELETE','/audit/operation-logs/batch/delete','batch_delete','operation_log',10,200,'批量删除操作日志: ID=10, 原因: 批量删除操作','','',0,'2025-07-21 15:09:14','2025-07-21 09:29:59','2025-07-21 17:29:59'),(218,1,'admin','127.0.0.1','DELETE','/audit/operation-logs/batch/delete','batch_delete','operation_log',117,200,'批量删除操作日志: ID=117, 原因: 批量删除操作','','',0,'2025-07-21 15:09:14','2025-07-21 09:29:59','2025-07-21 17:29:59'),(219,1,'admin','127.0.0.1','DELETE','/audit/operation-logs/batch/delete','batch_delete','operation_log',7,200,'批量删除操作日志: ID=7, 原因: 批量删除操作','','',0,'2025-07-21 15:09:14','2025-07-21 09:29:59','2025-07-21 17:29:59'),(220,1,'admin','127.0.0.1','DELETE','/audit/operation-logs/batch/delete','batch_delete','operation_log',128,200,'批量删除操作日志: ID=128, 原因: 批量删除操作','','',0,'2025-07-21 15:09:14','2025-07-21 09:29:59','2025-07-21 17:29:59'),(221,1,'admin','127.0.0.1','DELETE','/audit/operation-logs/batch/delete','batch_delete','operation_log',2,200,'批量删除操作日志: ID=2, 原因: 批量删除操作','','',0,'2025-07-21 15:09:14','2025-07-21 09:29:59','2025-07-21 17:29:59'),(222,1,'admin','127.0.0.1','DELETE','/audit/operation-logs/batch/delete','batch_delete','operation_log',1,200,'批量删除操作日志: ID=1, 原因: 批量删除操作','','',0,'2025-07-21 15:09:14','2025-07-21 09:29:59','2025-07-21 17:29:59'),(223,1,'admin','127.0.0.1','DELETE','/audit/operation-logs/batch/delete','batch_delete','operation_log',9,200,'批量删除操作日志: ID=9, 原因: 批量删除操作','','',0,'2025-07-21 15:09:14','2025-07-21 09:29:59','2025-07-21 17:29:59'),(224,1,'admin','127.0.0.1','DELETE','/audit/operation-logs/batch/delete','batch_delete','operation_log',8,200,'批量删除操作日志: ID=8, 原因: 批量删除操作','','',0,'2025-07-21 15:09:14','2025-07-21 09:29:59','2025-07-21 17:29:59'),(225,1,'admin','127.0.0.1','DELETE','/audit/operation-logs/batch/delete','batch_delete','operation_log',11,200,'批量删除操作日志: ID=11, 原因: 批量删除操作','','',0,'2025-07-21 15:09:14','2025-07-21 09:29:59','2025-07-21 17:29:59'),(226,1,'admin','127.0.0.1','DELETE','/audit/operation-logs/batch/delete','batch_delete','operation_log',126,200,'批量删除操作日志: ID=126, 原因: 批量删除操作','','',0,'2025-07-21 15:09:14','2025-07-21 09:29:59','2025-07-21 17:29:59'),(227,1,'admin','127.0.0.1','DELETE','/audit/operation-logs/batch/delete','batch_delete','operation_log',129,200,'批量删除操作日志: ID=129, 原因: 批量删除操作','','',0,'2025-07-21 15:09:14','2025-07-21 09:29:59','2025-07-21 17:29:59'),(228,1,'admin','127.0.0.1','DELETE','/audit/operation-logs/batch/delete','batch_delete','operation_log',124,200,'批量删除操作日志: ID=124, 原因: 批量删除操作','','',0,'2025-07-21 15:09:14','2025-07-21 09:29:59','2025-07-21 17:29:59'),(229,1,'admin','127.0.0.1','DELETE','/audit/operation-logs/batch/delete','batch_delete','operation_log',123,200,'批量删除操作日志: ID=123, 原因: 批量删除操作','','',0,'2025-07-21 15:09:14','2025-07-21 09:29:59','2025-07-21 17:29:59'),(230,1,'admin','127.0.0.1','DELETE','/audit/operation-logs/batch/delete','batch_delete','operation_log',131,200,'批量删除操作日志: ID=131, 原因: 批量删除操作','','',0,'2025-07-21 15:09:14','2025-07-21 09:29:59','2025-07-21 17:29:59'),(231,1,'admin','127.0.0.1','DELETE','/audit/operation-logs/batch/delete','batch_delete','operation_log',6,200,'批量删除操作日志: ID=6, 原因: 批量删除操作','','',0,'2025-07-21 15:09:14','2025-07-21 09:29:59','2025-07-21 17:29:59'),(232,1,'admin','127.0.0.1','DELETE','/audit/operation-logs/batch/delete','batch_delete','operation_log',118,200,'批量删除操作日志: ID=118, 原因: 批量删除操作','','',0,'2025-07-21 15:09:14','2025-07-21 09:29:59','2025-07-21 17:29:59'),(233,1,'admin','127.0.0.1','DELETE','/audit/operation-logs/batch/delete','batch_delete','operation_log',132,200,'批量删除操作日志: ID=132, 原因: 批量删除操作','','',0,'2025-07-21 15:09:14','2025-07-21 09:29:59','2025-07-21 17:29:59'),(234,1,'admin','127.0.0.1','DELETE','/audit/operation-logs/batch/delete','batch_delete','operation_log',14,200,'批量删除操作日志: ID=14, 原因: 批量删除操作','','',0,'2025-07-21 15:09:14','2025-07-21 09:29:59','2025-07-21 17:29:59'),(235,1,'admin','127.0.0.1','DELETE','/audit/operation-logs/batch/delete','batch_delete','operation_log',3,200,'批量删除操作日志: ID=3, 原因: 批量删除操作','','',0,'2025-07-21 15:09:14','2025-07-21 09:29:59','2025-07-21 17:29:59'),(236,1,'admin','127.0.0.1','DELETE','/audit/operation-logs/batch/delete','batch_delete','operation_log',120,200,'批量删除操作日志: ID=120, 原因: 批量删除操作','','',0,'2025-07-21 15:09:14','2025-07-21 09:29:59','2025-07-21 17:29:59'),(237,1,'admin','127.0.0.1','DELETE','/audit/operation-logs/batch/delete','batch_delete','operation_log',130,200,'批量删除操作日志: ID=130, 原因: 批量删除操作','','',0,'2025-07-21 15:09:14','2025-07-21 09:29:59','2025-07-21 17:29:59'),(238,1,'admin','127.0.0.1','DELETE','/audit/operation-logs/batch/delete','batch_delete','operation_log',5,200,'批量删除操作日志: ID=5, 原因: 批量删除操作','','',0,'2025-07-21 15:09:14','2025-07-21 09:29:59','2025-07-21 17:29:59'),(239,1,'admin','127.0.0.1','DELETE','/audit/operation-logs/batch/delete','batch_delete','operation_log',121,200,'批量删除操作日志: ID=121, 原因: 批量删除操作','','',0,'2025-07-21 15:09:14','2025-07-21 09:29:59','2025-07-21 17:29:59'),(240,1,'admin','127.0.0.1','DELETE','/audit/operation-logs/batch/delete','batch_delete','operation_log',13,200,'批量删除操作日志: ID=13, 原因: 批量删除操作','','',0,'2025-07-21 15:09:14','2025-07-21 09:29:59','2025-07-21 17:29:59'),(241,1,'admin','127.0.0.1','DELETE','/audit/operation-logs/batch/delete','batch_delete','operation_log',12,200,'批量删除操作日志: ID=12, 原因: 批量删除操作','','',0,'2025-07-21 15:09:14','2025-07-21 09:29:59','2025-07-21 17:29:59'),(242,1,'admin','127.0.0.1','DELETE','/audit/operation-logs/batch/delete','batch_delete','operation_log',122,200,'批量删除操作日志: ID=122, 原因: 批量删除操作','','',0,'2025-07-21 15:09:14','2025-07-21 09:29:59','2025-07-21 17:29:59'),(243,1,'admin','127.0.0.1','DELETE','/audit/operation-logs/batch/delete','batch_delete','operation_log',4,200,'批量删除操作日志: ID=4, 原因: 批量删除操作','','',0,'2025-07-21 15:09:14','2025-07-21 09:29:59','2025-07-21 17:29:59'),(244,1,'admin','127.0.0.1','DELETE','/audit/operation-logs/batch/delete','batch_delete','operation_log',119,200,'批量删除操作日志: ID=119, 原因: 批量删除操作','','',0,'2025-07-21 15:09:14','2025-07-21 08:22:44','2025-07-21 16:22:43'),(245,1,'admin','127.0.0.1','POST','/api/v1/ssh/sessions','create','session',0,201,'SSH session created successfully','{\"asset_id\":1,\"credential_id\":1,\"protocol\":\"ssh\",\"width\":0,\"height\":0}','',0,'2025-07-21 17:17:17','2025-07-21 09:29:45','2025-07-21 17:29:44'),(246,1,'admin','127.0.0.1','DELETE','/api/v1/ssh/sessions/ssh-1753089436-31774588054777430','delete','session',0,200,'SSH session closed successfully','','',0,'2025-07-21 17:17:47','2025-07-21 09:29:38','2025-07-21 17:29:38'),(247,1,'admin','127.0.0.1','POST','/api/v1/ssh/sessions','create','session',0,201,'SSH session created successfully','{\"asset_id\":1,\"credential_id\":1,\"protocol\":\"ssh\",\"width\":0,\"height\":0}','',0,'2025-07-21 17:30:27','2025-07-21 10:10:52','2025-07-21 18:10:51'),(248,1,'admin','::1','GET','/api/v1/assets/','read','v1',0,200,'','','{\"code\":200,\"status\":\"success\"}',14,'2025-07-21 17:52:15','2025-07-21 10:10:52','2025-07-21 18:10:51'),(249,1,'admin','127.0.0.1','GET','/api/v1/audit/operation-logs','read','v1',0,200,'','','{\"code\":200,\"status\":\"success\"}',5,'2025-07-21 17:56:22','2025-07-21 10:10:52','2025-07-21 18:10:51'),(250,1,'admin','127.0.0.1','GET','/api/v1/profile','read','v1',0,200,'','','{\"code\":200,\"status\":\"success\"}',10,'2025-07-21 17:56:22','2025-07-21 10:10:52','2025-07-21 18:10:51'),(251,1,'admin','127.0.0.1','GET','/api/v1/audit/operation-logs','read','v1',0,200,'','','{\"code\":200,\"status\":\"success\"}',9,'2025-07-21 17:56:22','2025-07-21 10:10:52','2025-07-21 18:10:51'),(252,1,'admin','127.0.0.1','GET','/api/v1/profile','read','v1',0,200,'','','{\"code\":200,\"status\":\"success\"}',14,'2025-07-21 17:56:22','2025-07-21 10:10:52','2025-07-21 18:10:51'),(253,1,'admin','127.0.0.1','GET','/api/v1/audit/operation-logs/249','read','v1',0,200,'','','{\"code\":200,\"status\":\"success\"}',1,'2025-07-21 17:56:29','2025-07-21 10:10:52','2025-07-21 18:10:51'),(254,1,'admin','127.0.0.1','GET','/api/v1/audit/active-sessions','read','v1',0,200,'','','{\"code\":200,\"status\":\"success\"}',2,'2025-07-21 17:56:33','2025-07-21 10:10:52','2025-07-21 18:10:51'),(255,1,'admin','127.0.0.1','GET','/api/v1/audit/active-sessions','read','v1',0,200,'','','{\"code\":200,\"status\":\"success\"}',0,'2025-07-21 17:56:33','2025-07-21 10:10:52','2025-07-21 18:10:51'),(256,1,'admin','127.0.0.1','GET','/api/v1/audit/active-sessions','read','v1',0,200,'','','{\"code\":200,\"status\":\"success\"}',1,'2025-07-21 17:56:34','2025-07-21 10:10:52','2025-07-21 18:10:51'),(257,1,'admin','127.0.0.1','GET','/api/v1/audit/operation-logs','read','v1',0,200,'','','{\"code\":200,\"status\":\"success\"}',2,'2025-07-21 17:56:34','2025-07-21 10:10:52','2025-07-21 18:10:51'),(258,1,'admin','127.0.0.1','GET','/api/v1/audit/operation-logs','read','v1',0,200,'','','{\"code\":200,\"status\":\"success\"}',2,'2025-07-21 17:56:34','2025-07-21 10:10:52','2025-07-21 18:10:51'),(259,1,'admin','::1','POST','/api/v1/assets/','create','v1',0,500,'','{\"address\":\"10.0.0.106\",\"description\":\"斜杠测试\",\"name\":\"audit-test-slash\",\"os_type\":\"linux\",\"port\":22,\"protocol\":\"ssh\",\"type\":\"server\"}','{\"code\":500,\"status\":\"error\"}',3,'2025-07-21 18:08:13','2025-07-21 10:10:52','2025-07-21 18:10:51'),(260,1,'admin','::1','POST','/api/v1/assets/','create','v1',0,400,'','{\"address\":\"10.0.0.107\",\"description\":\"正确格式测试\",\"name\":\"audit-test-proper\",\"os_type\":\"linux\",\"port\":22,\"protocol\":\"ssh\",\"tags\":[],\"type\":\"server\"}','{\"code\":400,\"status\":\"error\"}',0,'2025-07-21 18:08:24','2025-07-21 10:10:52','2025-07-21 18:10:51'),(261,1,'admin','::1','POST','/api/v1/assets/','create','v1',0,400,'','{\"name\":\"final-test\"}','{\"code\":400,\"status\":\"error\"}',0,'2025-07-21 18:09:15','2025-07-21 10:10:52','2025-07-21 18:10:51'),(262,1,'admin','127.0.0.1','POST','/api/v1/audit/operation-logs/batch/delete','create','v1',0,200,'','{\"ids\":[261,260,259,256,257,258,254,255,253,249,250,251,252,248,247],\"reason\":\"批量删除操作\"}','{\"code\":200,\"status\":\"success\"}',17,'2025-07-21 18:10:51','2025-07-21 10:11:00','2025-07-21 18:10:59'),(263,1,'admin','127.0.0.1','POST','/api/v1/audit/operation-logs/batch/delete','create','v1',0,200,'','{\"ids\":[262],\"reason\":\"批量删除操作\"}','{\"code\":200,\"status\":\"success\"}',8,'2025-07-21 18:10:59','2025-07-21 10:11:22','2025-07-21 18:11:22'),(264,1,'admin','127.0.0.1','DELETE','/api/v1/audit/operation-logs/263','delete','v1',0,200,'','','{\"code\":200,\"status\":\"success\"}',6,'2025-07-21 18:11:22','2025-07-21 10:20:05','2025-07-21 18:20:04');
/*!40000 ALTER TABLE `operation_logs_backup_20250721` ENABLE KEYS */;
UNLOCK TABLES;

--
-- Table structure for table `permissions`
--

DROP TABLE IF EXISTS `permissions`;
/*!40101 SET @saved_cs_client     = @@character_set_client */;
/*!50503 SET character_set_client = utf8mb4 */;
CREATE TABLE `permissions` (
  `id` bigint unsigned NOT NULL AUTO_INCREMENT,
  `name` varchar(100) CHARACTER SET utf8mb4 COLLATE utf8mb4_unicode_ci NOT NULL,
  `description` text CHARACTER SET utf8mb4 COLLATE utf8mb4_unicode_ci,
  `category` varchar(50) CHARACTER SET utf8mb4 COLLATE utf8mb4_unicode_ci DEFAULT NULL,
  `created_at` timestamp NULL DEFAULT CURRENT_TIMESTAMP,
  `updated_at` timestamp NULL DEFAULT CURRENT_TIMESTAMP ON UPDATE CURRENT_TIMESTAMP,
  `deleted_at` timestamp NULL DEFAULT NULL,
  PRIMARY KEY (`id`),
  UNIQUE KEY `idx_permission_name` (`name`),
  KEY `idx_category` (`category`),
  KEY `idx_deleted_at` (`deleted_at`)
) ENGINE=InnoDB AUTO_INCREMENT=34 DEFAULT CHARSET=utf8mb4 COLLATE=utf8mb4_unicode_ci COMMENT='权限表 - 存储系统权限定义';
/*!40101 SET character_set_client = @saved_cs_client */;

--
-- Dumping data for table `permissions`
--

LOCK TABLES `permissions` WRITE;
/*!40000 ALTER TABLE `permissions` DISABLE KEYS */;
INSERT INTO `permissions` VALUES (1,'user:create','创建用户','user','2025-07-19 08:49:17','2025-07-19 08:49:17',NULL),(2,'user:read','查看用户','user','2025-07-19 08:49:17','2025-07-19 08:49:17',NULL),(3,'user:update','更新用户','user','2025-07-19 08:49:17','2025-07-19 08:49:17',NULL),(4,'user:delete','删除用户','user','2025-07-19 08:49:17','2025-07-19 08:49:17',NULL),(5,'role:create','创建角色','role','2025-07-19 08:49:17','2025-07-19 08:49:17',NULL),(6,'role:read','查看角色','role','2025-07-19 08:49:17','2025-07-19 08:49:17',NULL),(7,'role:update','更新角色','role','2025-07-19 08:49:17','2025-07-19 08:49:17',NULL),(8,'role:delete','删除角色','role','2025-07-19 08:49:17','2025-07-19 08:49:17',NULL),(9,'asset:create','创建资产','asset','2025-07-19 08:49:17','2025-07-19 08:49:17',NULL),(10,'asset:read','查看资产','asset','2025-07-19 08:49:17','2025-07-19 08:49:17',NULL),(11,'asset:update','更新资产','asset','2025-07-19 08:49:17','2025-07-19 08:49:17',NULL),(12,'asset:delete','删除资产','asset','2025-07-19 08:49:17','2025-07-19 08:49:17',NULL),(13,'asset:connect','连接资产','asset','2025-07-19 08:49:17','2025-07-19 08:49:17',NULL),(14,'audit:read','查看审计日志','audit','2025-07-19 08:49:17','2025-07-19 08:49:17',NULL),(15,'audit:cleanup','清理审计日志','audit','2025-07-19 08:49:17','2025-07-19 08:49:17',NULL),(16,'audit:monitor','实时监控权限','audit','2025-07-19 08:49:17','2025-07-19 08:49:17',NULL),(17,'audit:terminate','会话终止权限','audit','2025-07-19 08:49:17','2025-07-19 08:49:17',NULL),(18,'audit:warning','发送警告权限','audit','2025-07-19 08:49:17','2025-07-19 08:49:17',NULL),(19,'login_logs:read','查看登录日志','audit','2025-07-19 08:49:17','2025-07-19 08:49:17',NULL),(20,'operation_logs:read','查看操作日志','audit','2025-07-19 08:49:17','2025-07-19 08:49:17',NULL),(21,'session_records:read','查看会话记录','audit','2025-07-19 08:49:17','2025-07-19 08:49:17',NULL),(22,'command_logs:read','查看命令日志','audit','2025-07-19 08:49:17','2025-07-19 08:49:17',NULL),(23,'session:read','查看会话','session','2025-07-19 08:49:17','2025-07-19 08:49:17',NULL),(24,'log:read','查看日志','log','2025-07-19 08:49:17','2025-07-19 08:49:17',NULL),(25,'all','所有权限','system','2025-07-19 08:49:17','2025-07-19 08:49:17',NULL),(26,'recording:view','查看会话录制列表和详情','recording','2025-07-19 18:18:14','2025-07-19 18:18:14',NULL),(27,'recording:download','下载录制文件','recording','2025-07-19 18:18:14','2025-07-19 18:18:14',NULL),(28,'recording:delete','删除录制记录和文件','recording','2025-07-19 18:18:14','2025-07-19 18:18:14',NULL),(29,'recording:config','管理录制配置','recording','2025-07-19 18:18:14','2025-07-19 18:18:14',NULL),(32,'command_filter:read','查看命令过滤','access_control','2025-07-30 07:27:10','2025-07-30 07:27:10',NULL),(33,'command_filter:write','管理命令过滤','access_control','2025-07-30 07:27:10','2025-07-30 07:27:10',NULL);
/*!40000 ALTER TABLE `permissions` ENABLE KEYS */;
UNLOCK TABLES;

--
-- Table structure for table `policy_commands_backup_20250130`
--

DROP TABLE IF EXISTS `policy_commands_backup_20250130`;
/*!40101 SET @saved_cs_client     = @@character_set_client */;
/*!50503 SET character_set_client = utf8mb4 */;
CREATE TABLE `policy_commands_backup_20250130` (
  `id` bigint unsigned NOT NULL DEFAULT '0',
  `policy_id` bigint unsigned NOT NULL,
  `command_id` bigint unsigned DEFAULT NULL,
  `command_group_id` bigint unsigned DEFAULT NULL,
  `created_at` timestamp NULL DEFAULT CURRENT_TIMESTAMP
) ENGINE=InnoDB DEFAULT CHARSET=utf8mb4 COLLATE=utf8mb4_unicode_ci;
/*!40101 SET character_set_client = @saved_cs_client */;

--
-- Dumping data for table `policy_commands_backup_20250130`
--

LOCK TABLES `policy_commands_backup_20250130` WRITE;
/*!40000 ALTER TABLE `policy_commands_backup_20250130` DISABLE KEYS */;
INSERT INTO `policy_commands_backup_20250130` VALUES (1,2,NULL,4,'2025-07-28 18:47:01'),(2,6,28,NULL,'2025-07-28 21:20:43'),(3,6,27,NULL,'2025-07-28 21:20:43'),(4,6,26,NULL,'2025-07-28 21:20:43'),(5,6,25,NULL,'2025-07-28 21:20:43'),(6,6,24,NULL,'2025-07-28 21:20:43'),(7,6,23,NULL,'2025-07-28 21:20:43'),(8,6,22,NULL,'2025-07-28 21:20:43'),(9,6,21,NULL,'2025-07-28 21:20:43'),(10,6,17,NULL,'2025-07-28 21:20:43'),(11,6,16,NULL,'2025-07-28 21:20:43'),(12,6,15,NULL,'2025-07-28 21:20:43'),(13,7,29,NULL,'2025-07-28 21:25:54'),(14,7,30,NULL,'2025-07-28 21:25:54'),(15,7,31,NULL,'2025-07-28 21:25:54'),(16,7,32,NULL,'2025-07-28 21:25:54'),(17,7,33,NULL,'2025-07-28 21:25:54'),(18,8,34,NULL,'2025-07-28 21:25:54'),(19,8,35,NULL,'2025-07-28 21:25:54'),(20,8,36,NULL,'2025-07-28 21:25:54'),(21,8,37,NULL,'2025-07-28 21:25:54'),(22,8,38,NULL,'2025-07-28 21:25:54'),(23,9,39,NULL,'2025-07-28 21:25:54'),(24,9,40,NULL,'2025-07-28 21:25:54'),(25,9,41,NULL,'2025-07-28 21:25:54'),(26,9,42,NULL,'2025-07-28 21:25:54'),(27,9,43,NULL,'2025-07-28 21:25:54'),(28,10,44,NULL,'2025-07-28 21:25:54'),(29,10,45,NULL,'2025-07-28 21:25:54'),(30,10,46,NULL,'2025-07-28 21:25:54'),(31,10,47,NULL,'2025-07-28 21:25:54'),(32,10,48,NULL,'2025-07-28 21:25:54'),(33,11,49,NULL,'2025-07-28 21:25:54'),(34,11,50,NULL,'2025-07-28 21:25:54'),(35,11,51,NULL,'2025-07-28 21:25:54'),(36,11,52,NULL,'2025-07-28 21:25:54'),(37,11,53,NULL,'2025-07-28 21:25:54'),(38,12,54,NULL,'2025-07-28 21:25:54'),(39,12,55,NULL,'2025-07-28 21:25:54'),(40,12,56,NULL,'2025-07-28 21:25:54'),(41,12,57,NULL,'2025-07-28 21:25:54'),(42,12,58,NULL,'2025-07-28 21:25:54'),(43,13,59,NULL,'2025-07-28 21:25:54'),(44,13,60,NULL,'2025-07-28 21:25:54'),(45,13,61,NULL,'2025-07-28 21:25:54'),(46,13,62,NULL,'2025-07-28 21:25:54'),(47,13,63,NULL,'2025-07-28 21:25:54'),(48,14,64,NULL,'2025-07-28 21:25:54'),(49,14,65,NULL,'2025-07-28 21:25:54'),(50,14,66,NULL,'2025-07-28 21:25:54'),(51,14,67,NULL,'2025-07-28 21:25:54'),(52,14,68,NULL,'2025-07-28 21:25:54'),(53,15,69,NULL,'2025-07-28 21:25:54'),(54,15,70,NULL,'2025-07-28 21:25:54'),(55,15,71,NULL,'2025-07-28 21:25:54'),(56,15,72,NULL,'2025-07-28 21:25:54'),(57,15,73,NULL,'2025-07-28 21:25:54'),(58,16,74,NULL,'2025-07-28 21:25:54'),(59,16,75,NULL,'2025-07-28 21:25:54'),(60,16,76,NULL,'2025-07-28 21:25:54'),(61,16,77,NULL,'2025-07-28 21:25:54'),(62,16,78,NULL,'2025-07-28 21:25:54'),(63,17,126,NULL,'2025-07-30 02:42:51');
/*!40000 ALTER TABLE `policy_commands_backup_20250130` ENABLE KEYS */;
UNLOCK TABLES;

--
-- Table structure for table `policy_users_backup_20250130`
--

DROP TABLE IF EXISTS `policy_users_backup_20250130`;
/*!40101 SET @saved_cs_client     = @@character_set_client */;
/*!50503 SET character_set_client = utf8mb4 */;
CREATE TABLE `policy_users_backup_20250130` (
  `policy_id` bigint unsigned NOT NULL,
  `user_id` bigint unsigned NOT NULL,
  `created_at` timestamp NULL DEFAULT CURRENT_TIMESTAMP
) ENGINE=InnoDB DEFAULT CHARSET=utf8mb4 COLLATE=utf8mb4_unicode_ci;
/*!40101 SET character_set_client = @saved_cs_client */;

--
-- Dumping data for table `policy_users_backup_20250130`
--

LOCK TABLES `policy_users_backup_20250130` WRITE;
/*!40000 ALTER TABLE `policy_users_backup_20250130` DISABLE KEYS */;
INSERT INTO `policy_users_backup_20250130` VALUES (2,1,'2025-07-28 10:02:09'),(3,1,'2025-07-28 12:31:30'),(3,4,'2025-07-28 12:31:30'),(4,1,'2025-07-28 13:16:52'),(6,1,'2025-07-28 13:20:43'),(7,1,'2025-07-28 13:25:55'),(8,1,'2025-07-28 13:25:55'),(9,1,'2025-07-28 13:25:55'),(10,1,'2025-07-28 13:25:55'),(11,1,'2025-07-28 13:25:55'),(12,1,'2025-07-28 13:25:55'),(13,1,'2025-07-28 13:25:55'),(14,1,'2025-07-28 13:25:55'),(15,1,'2025-07-28 13:25:55'),(16,1,'2025-07-28 13:25:55'),(17,1,'2025-07-29 18:42:14');
/*!40000 ALTER TABLE `policy_users_backup_20250130` ENABLE KEYS */;
UNLOCK TABLES;

--
-- Table structure for table `recording_configs`
--

DROP TABLE IF EXISTS `recording_configs`;
/*!40101 SET @saved_cs_client     = @@character_set_client */;
/*!50503 SET character_set_client = utf8mb4 */;
CREATE TABLE `recording_configs` (
  `id` bigint unsigned NOT NULL AUTO_INCREMENT,
  `name` varchar(100) NOT NULL COMMENT '配置名称',
  `description` text COMMENT '配置描述',
  `enabled` tinyint(1) NOT NULL DEFAULT '1' COMMENT '是否启用',
  `auto_recording` tinyint(1) NOT NULL DEFAULT '1' COMMENT '自动录制',
  `formats` varchar(255) DEFAULT 'asciicast' COMMENT '录制格式',
  `compression_enabled` tinyint(1) NOT NULL DEFAULT '1' COMMENT '启用压缩',
  `compression_level` int DEFAULT '6' COMMENT '压缩级别(1-9)',
  `max_file_size` bigint DEFAULT '0' COMMENT '最大文件大小(字节,0为无限制)',
  `max_duration` bigint DEFAULT '0' COMMENT '最大录制时长(秒,0为无限制)',
  `storage_path` varchar(500) DEFAULT '/var/bastion/recordings' COMMENT '存储路径',
  `retention_days` int DEFAULT '30' COMMENT '保留天数',
  `cloud_storage_enabled` tinyint(1) NOT NULL DEFAULT '0' COMMENT '启用云存储',
  `cloud_storage_config` text COMMENT '云存储配置(JSON)',
  `user_filters` text COMMENT '用户过滤器(JSON)',
  `asset_filters` text COMMENT '资产过滤器(JSON)',
  `permission_filters` text COMMENT '权限过滤器(JSON)',
  `created_by` bigint unsigned NOT NULL COMMENT '创建者ID',
  `created_at` datetime NOT NULL DEFAULT CURRENT_TIMESTAMP,
  `updated_at` datetime NOT NULL DEFAULT CURRENT_TIMESTAMP ON UPDATE CURRENT_TIMESTAMP,
  `deleted_at` datetime DEFAULT NULL,
  PRIMARY KEY (`id`),
  UNIQUE KEY `uk_name` (`name`),
  KEY `idx_enabled` (`enabled`),
  KEY `idx_created_by` (`created_by`),
  KEY `idx_deleted_at` (`deleted_at`)
) ENGINE=InnoDB AUTO_INCREMENT=3 DEFAULT CHARSET=utf8mb4 COLLATE=utf8mb4_0900_ai_ci COMMENT='录制配置表';
/*!40101 SET character_set_client = @saved_cs_client */;

--
-- Dumping data for table `recording_configs`
--

LOCK TABLES `recording_configs` WRITE;
/*!40000 ALTER TABLE `recording_configs` DISABLE KEYS */;
INSERT INTO `recording_configs` VALUES (1,'default','默认录制配置',1,1,'asciicast',1,6,104857600,7200,'/var/bastion/recordings',30,0,NULL,NULL,NULL,NULL,1,'2025-07-19 18:17:50','2025-07-19 18:18:14',NULL);
/*!40000 ALTER TABLE `recording_configs` ENABLE KEYS */;
UNLOCK TABLES;

--
-- Table structure for table `role_permissions`
--

DROP TABLE IF EXISTS `role_permissions`;
/*!40101 SET @saved_cs_client     = @@character_set_client */;
/*!50503 SET character_set_client = utf8mb4 */;
CREATE TABLE `role_permissions` (
  `role_id` bigint unsigned NOT NULL,
  `permission_id` bigint unsigned NOT NULL,
  `created_at` timestamp NULL DEFAULT CURRENT_TIMESTAMP,
  PRIMARY KEY (`role_id`,`permission_id`),
  KEY `idx_role_id` (`role_id`),
  KEY `idx_permission_id` (`permission_id`),
  CONSTRAINT `fk_role_permissions_permission` FOREIGN KEY (`permission_id`) REFERENCES `permissions` (`id`) ON DELETE CASCADE,
  CONSTRAINT `fk_role_permissions_role` FOREIGN KEY (`role_id`) REFERENCES `roles` (`id`) ON DELETE CASCADE
) ENGINE=InnoDB DEFAULT CHARSET=utf8mb4 COLLATE=utf8mb4_unicode_ci COMMENT='角色权限关联表 - 多对多关系';
/*!40101 SET character_set_client = @saved_cs_client */;

--
-- Dumping data for table `role_permissions`
--

LOCK TABLES `role_permissions` WRITE;
/*!40000 ALTER TABLE `role_permissions` DISABLE KEYS */;
INSERT INTO `role_permissions` VALUES (1,25,'2025-07-19 08:49:17'),(1,26,'2025-07-19 18:18:14'),(1,27,'2025-07-19 18:18:14'),(1,28,'2025-07-19 18:18:14'),(1,29,'2025-07-19 18:18:14'),(1,32,'2025-07-30 07:27:10'),(1,33,'2025-07-30 07:27:10'),(2,10,'2025-07-19 08:49:17'),(2,13,'2025-07-19 08:49:17'),(2,23,'2025-07-19 08:49:17'),(3,14,'2025-07-19 08:49:17'),(3,16,'2025-07-19 08:49:17'),(3,19,'2025-07-19 08:49:17'),(3,20,'2025-07-19 08:49:17'),(3,21,'2025-07-19 08:49:17'),(3,22,'2025-07-19 08:49:17');
/*!40000 ALTER TABLE `role_permissions` ENABLE KEYS */;
UNLOCK TABLES;

--
-- Table structure for table `roles`
--

DROP TABLE IF EXISTS `roles`;
/*!40101 SET @saved_cs_client     = @@character_set_client */;
/*!50503 SET character_set_client = utf8mb4 */;
CREATE TABLE `roles` (
  `id` bigint unsigned NOT NULL AUTO_INCREMENT,
  `name` varchar(50) CHARACTER SET utf8mb4 COLLATE utf8mb4_unicode_ci NOT NULL,
  `description` text CHARACTER SET utf8mb4 COLLATE utf8mb4_unicode_ci,
  `created_at` timestamp NULL DEFAULT CURRENT_TIMESTAMP,
  `updated_at` timestamp NULL DEFAULT CURRENT_TIMESTAMP ON UPDATE CURRENT_TIMESTAMP,
  `deleted_at` timestamp NULL DEFAULT NULL,
  PRIMARY KEY (`id`),
  UNIQUE KEY `idx_role_name` (`name`),
  KEY `idx_deleted_at` (`deleted_at`)
) ENGINE=InnoDB AUTO_INCREMENT=4 DEFAULT CHARSET=utf8mb4 COLLATE=utf8mb4_unicode_ci COMMENT='角色表 - 存储系统角色定义';
/*!40101 SET character_set_client = @saved_cs_client */;

--
-- Dumping data for table `roles`
--

LOCK TABLES `roles` WRITE;
/*!40000 ALTER TABLE `roles` DISABLE KEYS */;
INSERT INTO `roles` VALUES (1,'admin','系统管理员','2025-07-19 08:49:17','2025-07-19 08:49:17',NULL),(2,'operator','运维人员','2025-07-19 08:49:17','2025-07-19 08:49:17',NULL),(3,'auditor','审计员','2025-07-19 08:49:17','2025-07-19 08:49:17',NULL);
/*!40000 ALTER TABLE `roles` ENABLE KEYS */;
UNLOCK TABLES;

--
-- Table structure for table `session_monitor_logs`
--

DROP TABLE IF EXISTS `session_monitor_logs`;
/*!40101 SET @saved_cs_client     = @@character_set_client */;
/*!50503 SET character_set_client = utf8mb4 */;
CREATE TABLE `session_monitor_logs` (
  `id` bigint unsigned NOT NULL AUTO_INCREMENT,
  `session_id` varchar(100) CHARACTER SET utf8mb4 COLLATE utf8mb4_unicode_ci NOT NULL COMMENT '会话ID',
  `monitor_user_id` bigint unsigned NOT NULL COMMENT '监控用户ID',
  `action_type` varchar(50) CHARACTER SET utf8mb4 COLLATE utf8mb4_unicode_ci NOT NULL COMMENT '操作类型: terminate, warning, view',
  `action_data` json DEFAULT NULL COMMENT '操作数据',
  `reason` text CHARACTER SET utf8mb4 COLLATE utf8mb4_unicode_ci COMMENT '操作原因',
  `created_at` timestamp NULL DEFAULT CURRENT_TIMESTAMP,
  `updated_at` timestamp NULL DEFAULT CURRENT_TIMESTAMP ON UPDATE CURRENT_TIMESTAMP,
  PRIMARY KEY (`id`),
  KEY `idx_session_id` (`session_id`),
  KEY `idx_monitor_user` (`monitor_user_id`),
  KEY `idx_action_type` (`action_type`),
  KEY `idx_created_at` (`created_at`),
  CONSTRAINT `fk_monitor_user` FOREIGN KEY (`monitor_user_id`) REFERENCES `users` (`id`) ON DELETE CASCADE
) ENGINE=InnoDB AUTO_INCREMENT=478 DEFAULT CHARSET=utf8mb4 COLLATE=utf8mb4_unicode_ci COMMENT='会话监控日志表';
/*!40101 SET character_set_client = @saved_cs_client */;

--
-- Dumping data for table `session_monitor_logs`
--

LOCK TABLES `session_monitor_logs` WRITE;
/*!40000 ALTER TABLE `session_monitor_logs` DISABLE KEYS */;
INSERT INTO `session_monitor_logs` VALUES (1,'ssh-1752915146-8647340127419674204',1,'view','{}','查看会话监控','2025-07-19 16:52:31','2025-07-19 16:52:31'),(2,'ssh-1752915146-8647340127419674204',1,'view','{}','查看会话监控','2025-07-19 16:52:31','2025-07-19 16:52:31'),(3,'ssh-1752915146-8647340127419674204',1,'view','{}','查看会话监控','2025-07-19 16:52:36','2025-07-19 16:52:36'),(4,'ssh-1752915146-8647340127419674204',1,'view','{}','查看会话监控','2025-07-19 16:52:39','2025-07-19 16:52:39'),(5,'ssh-1752915146-8647340127419674204',1,'view','{}','查看会话监控','2025-07-19 16:52:39','2025-07-19 16:52:39'),(6,'ssh-1752915146-8647340127419674204',1,'view','{}','查看会话监控','2025-07-19 16:52:45','2025-07-19 16:52:45'),(7,'ssh-1752915146-8647340127419674204',1,'view','{}','查看会话监控','2025-07-19 16:52:45','2025-07-19 16:52:45'),(8,'ssh-1752915146-8647340127419674204',1,'view','{}','查看会话监控','2025-07-19 16:52:48','2025-07-19 16:52:48'),(9,'ssh-1752915146-8647340127419674204',1,'view','{}','查看会话监控','2025-07-19 16:52:48','2025-07-19 16:52:48'),(10,'ssh-1752915146-8647340127419674204',1,'view','{}','查看会话监控','2025-07-19 16:52:51','2025-07-19 16:52:51'),(11,'ssh-1752915146-8647340127419674204',1,'view','{}','查看会话监控','2025-07-19 16:52:51','2025-07-19 16:52:51'),(12,'ssh-1752915146-8647340127419674204',1,'view','{}','查看会话监控','2025-07-19 16:52:55','2025-07-19 16:52:55'),(13,'ssh-1752915146-8647340127419674204',1,'view','{}','查看会话监控','2025-07-19 16:52:55','2025-07-19 16:52:55'),(14,'ssh-1752917414-7395767359283634957',1,'view','{}','查看会话监控','2025-07-19 17:30:17','2025-07-19 17:30:17'),(15,'ssh-1752917872-917206268328812167',1,'view','{}','查看会话监控','2025-07-19 17:37:54','2025-07-19 17:37:54'),(16,'ssh-1752917872-917206268328812167',1,'view','{}','查看会话监控','2025-07-19 17:37:54','2025-07-19 17:37:54'),(17,'ssh-1752917872-917206268328812167',1,'terminate','{\"force\": true, \"session_duration\": 13.340404, \"termination_time\": \"2025-07-19T17:38:05.337993+08:00\"}','测试','2025-07-19 17:38:05','2025-07-19 17:38:05'),(18,'ssh-1752920860-3922414481755963707',1,'view','{}','查看会话监控','2025-07-19 18:27:44','2025-07-19 18:27:44'),(19,'ssh-1752920860-3922414481755963707',1,'view','{}','查看会话监控','2025-07-19 18:27:44','2025-07-19 18:27:44'),(20,'ssh-1752920860-3922414481755963707',1,'view','{}','查看会话监控','2025-07-19 18:27:45','2025-07-19 18:27:45'),(21,'ssh-1752920860-3922414481755963707',1,'view','{}','查看会话监控','2025-07-19 18:27:46','2025-07-19 18:27:46'),(22,'ssh-1752920860-3922414481755963707',1,'terminate','{\"force\": true, \"session_duration\": 11.752394, \"termination_time\": \"2025-07-19T18:27:51.750573+08:00\"}','测试','2025-07-19 18:27:52','2025-07-19 18:27:52'),(23,'ssh-1752920886-3124929020400209411',1,'view','{}','查看会话监控','2025-07-19 18:28:09','2025-07-19 18:28:09'),(24,'ssh-1752920886-3124929020400209411',1,'terminate','{\"force\": true, \"session_duration\": 11.604214, \"termination_time\": \"2025-07-19T18:28:18.601292+08:00\"}','测试','2025-07-19 18:28:19','2025-07-19 18:28:19'),(25,'ssh-1752922855-3977005027420487119',1,'view','{}','查看会话监控','2025-07-19 19:00:59','2025-07-19 19:00:59'),(26,'ssh-1752922855-3977005027420487119',1,'terminate','{\"force\": true, \"session_duration\": 8.810195, \"termination_time\": \"2025-07-19T19:01:03.808396+08:00\"}','测试','2025-07-19 19:01:04','2025-07-19 19:01:04'),(27,'ssh-1752924447-6250194059030635017',1,'view','{}','查看会话监控','2025-07-19 19:27:38','2025-07-19 19:27:38'),(28,'ssh-1752924447-6250194059030635017',1,'terminate','{\"force\": true, \"session_duration\": 13.771647, \"termination_time\": \"2025-07-19T19:27:41.77002+08:00\"}','10','2025-07-19 19:27:42','2025-07-19 19:27:42'),(29,'ssh-1752924473-1189634065970393990',1,'view','{}','查看会话监控','2025-07-19 19:27:55','2025-07-19 19:27:55'),(30,'ssh-1752924473-1189634065970393990',1,'view','{}','查看会话监控','2025-07-19 19:27:56','2025-07-19 19:27:56'),(31,'ssh-1752924473-1189634065970393990',1,'terminate','{\"force\": true, \"session_duration\": 6.476509, \"termination_time\": \"2025-07-19T19:27:59.4744+08:00\"}','111','2025-07-19 19:27:59','2025-07-19 19:27:59'),(32,'ssh-1752924623-5149290376312249284',1,'view','{}','查看会话监控','2025-07-19 19:30:30','2025-07-19 19:30:30'),(33,'ssh-1752924626-4663933271319837727',1,'view','{}','查看会话监控','2025-07-19 19:30:30','2025-07-19 19:30:30'),(34,'ssh-1752924626-4663933271319837727',1,'terminate','{\"force\": true, \"session_duration\": 8.069119, \"termination_time\": \"2025-07-19T19:30:35.06727+08:00\"}','测试','2025-07-19 19:30:35','2025-07-19 19:30:35'),(35,'ssh-1752924623-5149290376312249284',1,'view','{}','查看会话监控','2025-07-19 19:30:35','2025-07-19 19:30:35'),(36,'ssh-1752924623-5149290376312249284',1,'view','{}','查看会话监控','2025-07-19 19:30:42','2025-07-19 19:30:42'),(37,'ssh-1752924623-5149290376312249284',1,'view','{}','查看会话监控','2025-07-19 19:30:42','2025-07-19 19:30:42'),(38,'ssh-1752925789-1769891180344921095',1,'terminate','{\"force\": true, \"session_duration\": 26.632532, \"termination_time\": \"2025-07-19T19:50:16.630761+08:00\"}','测试','2025-07-19 19:50:17','2025-07-19 19:50:17'),(39,'ssh-1752925792-3158511774053232742',1,'view','{}','查看会话监控','2025-07-19 19:50:17','2025-07-19 19:50:17'),(40,'ssh-1752926183-6403454505037949307',1,'terminate','{\"force\": true, \"session_duration\": 20.263046, \"termination_time\": \"2025-07-19T19:56:44.261219+08:00\"}','111','2025-07-19 19:56:44','2025-07-19 19:56:44'),(41,'ssh-1752926186-5023537601797707302',1,'view','{}','查看会话监控','2025-07-19 19:56:44','2025-07-19 19:56:44'),(42,'ssh-1752926784-8273505571312363762',1,'view','{}','查看会话监控','2025-07-19 20:06:30','2025-07-19 20:06:30'),(43,'ssh-1752926787-7762874298677288079',1,'view','{}','查看会话监控','2025-07-19 20:06:30','2025-07-19 20:06:30'),(44,'ssh-1752926784-8273505571312363762',1,'terminate','{\"force\": true, \"session_duration\": 9.439148, \"termination_time\": \"2025-07-19T20:06:33.436583+08:00\"}','111','2025-07-19 20:06:33','2025-07-19 20:06:33'),(45,'ssh-1752926787-7762874298677288079',1,'view','{}','查看会话监控','2025-07-19 20:06:34','2025-07-19 20:06:34'),(46,'ssh-1752927521-145251271167858083',1,'view','{}','查看会话监控','2025-07-19 20:18:56','2025-07-19 20:18:56'),(47,'ssh-1752927524-5406191887856554639',1,'view','{}','查看会话监控','2025-07-19 20:18:56','2025-07-19 20:18:56'),(48,'ssh-1752927521-145251271167858083',1,'view','{}','查看会话监控','2025-07-19 20:18:56','2025-07-19 20:18:56'),(49,'ssh-1752927524-5406191887856554639',1,'view','{}','查看会话监控','2025-07-19 20:18:56','2025-07-19 20:18:56'),(50,'ssh-1752927521-145251271167858083',1,'view','{}','查看会话监控','2025-07-19 20:18:57','2025-07-19 20:18:57'),(51,'ssh-1752927524-5406191887856554639',1,'view','{}','查看会话监控','2025-07-19 20:18:57','2025-07-19 20:18:57'),(52,'ssh-1752927521-145251271167858083',1,'terminate','{\"force\": true, \"session_duration\": 19.767954, \"termination_time\": \"2025-07-19T20:19:01.766203+08:00\"}','mmm','2025-07-19 20:19:02','2025-07-19 20:19:02'),(53,'ssh-1752927524-5406191887856554639',1,'view','{}','查看会话监控','2025-07-19 20:19:02','2025-07-19 20:19:02'),(54,'ssh-1752927524-5406191887856554639',1,'view','{}','查看会话监控','2025-07-19 20:19:10','2025-07-19 20:19:10'),(55,'ssh-1752927524-5406191887856554639',1,'view','{}','查看会话监控','2025-07-19 20:19:11','2025-07-19 20:19:11'),(56,'ssh-1752927524-5406191887856554639',1,'view','{}','查看会话监控','2025-07-19 20:19:11','2025-07-19 20:19:11'),(57,'ssh-1752927524-5406191887856554639',1,'view','{}','查看会话监控','2025-07-19 20:19:11','2025-07-19 20:19:11'),(58,'ssh-1752927524-5406191887856554639',1,'view','{}','查看会话监控','2025-07-19 20:19:11','2025-07-19 20:19:11'),(59,'ssh-1752927524-5406191887856554639',1,'view','{}','查看会话监控','2025-07-19 20:19:12','2025-07-19 20:19:12'),(60,'ssh-1752927524-5406191887856554639',1,'view','{}','查看会话监控','2025-07-19 20:19:12','2025-07-19 20:19:12'),(61,'ssh-1752927524-5406191887856554639',1,'view','{}','查看会话监控','2025-07-19 20:19:12','2025-07-19 20:19:12'),(62,'ssh-1752927524-5406191887856554639',1,'view','{}','查看会话监控','2025-07-19 20:19:12','2025-07-19 20:19:12'),(63,'ssh-1752927524-5406191887856554639',1,'view','{}','查看会话监控','2025-07-19 20:19:12','2025-07-19 20:19:12'),(64,'ssh-1752927524-5406191887856554639',1,'view','{}','查看会话监控','2025-07-19 20:19:13','2025-07-19 20:19:13'),(65,'ssh-1752927524-5406191887856554639',1,'view','{}','查看会话监控','2025-07-19 20:19:13','2025-07-19 20:19:13'),(66,'ssh-1752927524-5406191887856554639',1,'view','{}','查看会话监控','2025-07-19 20:19:13','2025-07-19 20:19:13'),(67,'ssh-1752927524-5406191887856554639',1,'view','{}','查看会话监控','2025-07-19 20:19:13','2025-07-19 20:19:13'),(68,'ssh-1752927524-5406191887856554639',1,'terminate','{\"force\": true, \"session_duration\": 36.430975, \"termination_time\": \"2025-07-19T20:19:20.429135+08:00\"}','1111','2025-07-19 20:19:20','2025-07-19 20:19:20'),(69,'ssh-1752927581-8768338637178989224',1,'view','{}','查看会话监控','2025-07-19 20:19:44','2025-07-19 20:19:44'),(70,'ssh-1752927581-8768338637178989224',1,'view','{}','查看会话监控','2025-07-19 20:19:44','2025-07-19 20:19:44'),(71,'ssh-1752927581-8768338637178989224',1,'view','{}','查看会话监控','2025-07-19 20:19:45','2025-07-19 20:19:45'),(72,'ssh-1752927581-8768338637178989224',1,'view','{}','查看会话监控','2025-07-19 20:19:45','2025-07-19 20:19:45'),(73,'ssh-1752927581-8768338637178989224',1,'view','{}','查看会话监控','2025-07-19 20:19:45','2025-07-19 20:19:45'),(74,'ssh-1752927581-8768338637178989224',1,'terminate','{\"force\": true, \"session_duration\": 7.610439, \"termination_time\": \"2025-07-19T20:19:48.609062+08:00\"}','1111','2025-07-19 20:19:49','2025-07-19 20:19:49'),(75,'ssh-1752932014-171653861839703862',1,'view','{}','查看会话监控','2025-07-19 21:33:37','2025-07-19 21:33:37'),(76,'ssh-1752932014-171653861839703862',1,'view','{}','查看会话监控','2025-07-19 21:33:45','2025-07-19 21:33:45'),(77,'ssh-1752932014-171653861839703862',1,'view','{}','查看会话监控','2025-07-19 21:33:45','2025-07-19 21:33:45'),(78,'ssh-1752932014-171653861839703862',1,'view','{}','查看会话监控','2025-07-19 21:33:46','2025-07-19 21:33:46'),(79,'ssh-1752932014-171653861839703862',1,'view','{}','查看会话监控','2025-07-19 21:35:20','2025-07-19 21:35:20'),(80,'ssh-1752932014-171653861839703862',1,'view','{}','查看会话监控','2025-07-19 21:35:22','2025-07-19 21:35:22'),(81,'ssh-1752932014-171653861839703862',1,'view','{}','查看会话监控','2025-07-19 21:35:26','2025-07-19 21:35:26'),(82,'ssh-1752932014-171653861839703862',1,'view','{}','查看会话监控','2025-07-19 21:35:26','2025-07-19 21:35:26'),(83,'ssh-1752932014-171653861839703862',1,'view','{}','查看会话监控','2025-07-19 21:35:27','2025-07-19 21:35:27'),(84,'ssh-1752932326-8803705354158854306',1,'view','{}','查看会话监控','2025-07-19 21:38:49','2025-07-19 21:38:49'),(85,'ssh-1752933112-8192830029126347680',1,'view','{}','查看会话监控','2025-07-19 21:51:59','2025-07-19 21:51:59'),(86,'ssh-1752933112-8192830029126347680',1,'view','{}','查看会话监控','2025-07-19 21:52:03','2025-07-19 21:52:03'),(87,'ssh-1752933112-8192830029126347680',1,'view','{}','查看会话监控','2025-07-19 21:52:03','2025-07-19 21:52:03'),(88,'ssh-1752933112-8192830029126347680',1,'view','{}','查看会话监控','2025-07-19 21:52:04','2025-07-19 21:52:04'),(89,'ssh-1752933112-8192830029126347680',1,'view','{}','查看会话监控','2025-07-19 21:52:08','2025-07-19 21:52:08'),(90,'ssh-1752933112-8192830029126347680',1,'view','{}','查看会话监控','2025-07-19 21:52:09','2025-07-19 21:52:09'),(91,'ssh-1752933112-8192830029126347680',1,'view','{}','查看会话监控','2025-07-19 21:52:14','2025-07-19 21:52:14'),(92,'ssh-1752933112-8192830029126347680',1,'view','{}','查看会话监控','2025-07-19 21:52:16','2025-07-19 21:52:16'),(93,'ssh-1752933112-8192830029126347680',1,'view','{}','查看会话监控','2025-07-19 21:52:26','2025-07-19 21:52:26'),(94,'ssh-1752933112-8192830029126347680',1,'view','{}','查看会话监控','2025-07-19 21:52:27','2025-07-19 21:52:27'),(95,'ssh-1752933112-8192830029126347680',1,'view','{}','查看会话监控','2025-07-19 21:52:33','2025-07-19 21:52:33'),(96,'ssh-1752933112-8192830029126347680',1,'view','{}','查看会话监控','2025-07-19 21:52:35','2025-07-19 21:52:35'),(97,'ssh-1752935058-3077469197586896063',1,'view','{}','查看会话监控','2025-07-19 22:24:21','2025-07-19 22:24:21'),(98,'ssh-1752935058-3077469197586896063',1,'view','{}','查看会话监控','2025-07-19 22:24:21','2025-07-19 22:24:21'),(99,'ssh-1752935058-3077469197586896063',1,'view','{}','查看会话监控','2025-07-19 22:24:22','2025-07-19 22:24:22'),(100,'ssh-1752935058-3077469197586896063',1,'view','{}','查看会话监控','2025-07-19 22:24:25','2025-07-19 22:24:25'),(101,'ssh-1752935058-3077469197586896063',1,'view','{}','查看会话监控','2025-07-19 22:25:15','2025-07-19 22:25:15'),(102,'ssh-1752935058-3077469197586896063',1,'terminate','{\"force\": true, \"session_duration\": 61.500674, \"termination_time\": \"2025-07-19T22:25:19.499254+08:00\"}','test','2025-07-19 22:25:19','2025-07-19 22:25:19'),(103,'ssh-1752935614-5823250833594007208',1,'view','{}','查看会话监控','2025-07-19 22:33:38','2025-07-19 22:33:38'),(104,'ssh-1752935614-5823250833594007208',1,'view','{}','查看会话监控','2025-07-19 22:33:38','2025-07-19 22:33:38'),(105,'ssh-1752935614-5823250833594007208',1,'view','{}','查看会话监控','2025-07-19 22:33:39','2025-07-19 22:33:39'),(106,'ssh-1752935614-5823250833594007208',1,'view','{}','查看会话监控','2025-07-19 22:33:42','2025-07-19 22:33:42'),(107,'ssh-1752935614-5823250833594007208',1,'view','{}','查看会话监控','2025-07-19 22:33:43','2025-07-19 22:33:43'),(108,'ssh-1752935614-5823250833594007208',1,'view','{}','查看会话监控','2025-07-19 22:33:45','2025-07-19 22:33:45'),(109,'ssh-1752935614-5823250833594007208',1,'view','{}','查看会话监控','2025-07-19 22:33:45','2025-07-19 22:33:45'),(110,'ssh-1752935614-5823250833594007208',1,'view','{}','查看会话监控','2025-07-19 22:33:46','2025-07-19 22:33:46'),(111,'ssh-1752935614-5823250833594007208',1,'view','{}','查看会话监控','2025-07-19 22:33:46','2025-07-19 22:33:46'),(112,'ssh-1752935614-5823250833594007208',1,'view','{}','查看会话监控','2025-07-19 22:33:46','2025-07-19 22:33:46'),(113,'ssh-1752935614-5823250833594007208',1,'view','{}','查看会话监控','2025-07-19 22:33:47','2025-07-19 22:33:47'),(114,'ssh-1752935614-5823250833594007208',1,'view','{}','查看会话监控','2025-07-19 22:33:51','2025-07-19 22:33:51'),(115,'ssh-1752935614-5823250833594007208',1,'view','{}','查看会话监控','2025-07-19 22:33:52','2025-07-19 22:33:52'),(116,'ssh-1752935614-5823250833594007208',1,'view','{}','查看会话监控','2025-07-19 22:33:54','2025-07-19 22:33:54'),(117,'ssh-1752935614-5823250833594007208',1,'view','{}','查看会话监控','2025-07-19 22:33:54','2025-07-19 22:33:54'),(118,'ssh-1752935614-5823250833594007208',1,'view','{}','查看会话监控','2025-07-19 22:33:55','2025-07-19 22:33:55'),(119,'ssh-1752935614-5823250833594007208',1,'view','{}','查看会话监控','2025-07-19 22:33:57','2025-07-19 22:33:57'),(120,'ssh-1752935614-5823250833594007208',1,'view','{}','查看会话监控','2025-07-19 22:33:57','2025-07-19 22:33:57'),(121,'ssh-1752935614-5823250833594007208',1,'view','{}','查看会话监控','2025-07-19 22:33:58','2025-07-19 22:33:58'),(122,'ssh-1752935614-5823250833594007208',1,'view','{}','查看会话监控','2025-07-19 22:34:02','2025-07-19 22:34:02'),(123,'ssh-1752935614-5823250833594007208',1,'view','{}','查看会话监控','2025-07-19 22:34:02','2025-07-19 22:34:02'),(124,'ssh-1752935614-5823250833594007208',1,'view','{}','查看会话监控','2025-07-19 22:34:03','2025-07-19 22:34:03'),(125,'ssh-1752935614-5823250833594007208',1,'view','{}','查看会话监控','2025-07-19 22:34:05','2025-07-19 22:34:05'),(126,'ssh-1752935614-5823250833594007208',1,'view','{}','查看会话监控','2025-07-19 22:34:05','2025-07-19 22:34:05'),(127,'ssh-1752935614-5823250833594007208',1,'view','{}','查看会话监控','2025-07-19 22:34:06','2025-07-19 22:34:06'),(128,'ssh-1752935614-5823250833594007208',1,'view','{}','查看会话监控','2025-07-19 22:34:06','2025-07-19 22:34:06'),(129,'ssh-1752935614-5823250833594007208',1,'view','{}','查看会话监控','2025-07-19 22:34:07','2025-07-19 22:34:07'),(130,'ssh-1752935614-5823250833594007208',1,'view','{}','查看会话监控','2025-07-19 22:34:07','2025-07-19 22:34:07'),(131,'ssh-1752935614-5823250833594007208',1,'view','{}','查看会话监控','2025-07-19 22:34:11','2025-07-19 22:34:11'),(132,'ssh-1752935614-5823250833594007208',1,'view','{}','查看会话监控','2025-07-19 22:34:11','2025-07-19 22:34:11'),(133,'ssh-1752935614-5823250833594007208',1,'view','{}','查看会话监控','2025-07-19 22:34:12','2025-07-19 22:34:12'),(134,'ssh-1752935614-5823250833594007208',1,'view','{}','查看会话监控','2025-07-19 22:34:15','2025-07-19 22:34:15'),(135,'ssh-1752935614-5823250833594007208',1,'view','{}','查看会话监控','2025-07-19 22:34:15','2025-07-19 22:34:15'),(136,'ssh-1752935614-5823250833594007208',1,'view','{}','查看会话监控','2025-07-19 22:34:16','2025-07-19 22:34:16'),(137,'ssh-1752935614-5823250833594007208',1,'view','{}','查看会话监控','2025-07-19 22:34:16','2025-07-19 22:34:16'),(138,'ssh-1752935614-5823250833594007208',1,'view','{}','查看会话监控','2025-07-19 22:34:16','2025-07-19 22:34:16'),(139,'ssh-1752935614-5823250833594007208',1,'view','{}','查看会话监控','2025-07-19 22:34:17','2025-07-19 22:34:17'),(140,'ssh-1752935614-5823250833594007208',1,'view','{}','查看会话监控','2025-07-19 22:34:17','2025-07-19 22:34:17'),(141,'ssh-1752935614-5823250833594007208',1,'view','{}','查看会话监控','2025-07-19 22:34:17','2025-07-19 22:34:17'),(142,'ssh-1752935614-5823250833594007208',1,'view','{}','查看会话监控','2025-07-19 22:34:18','2025-07-19 22:34:18'),(143,'ssh-1752935614-5823250833594007208',1,'view','{}','查看会话监控','2025-07-19 22:34:18','2025-07-19 22:34:18'),(144,'ssh-1752935614-5823250833594007208',1,'view','{}','查看会话监控','2025-07-19 22:34:18','2025-07-19 22:34:18'),(145,'ssh-1752935614-5823250833594007208',1,'view','{}','查看会话监控','2025-07-19 22:34:35','2025-07-19 22:34:35'),(146,'ssh-1752935614-5823250833594007208',1,'view','{}','查看会话监控','2025-07-19 22:34:35','2025-07-19 22:34:35'),(147,'ssh-1752935614-5823250833594007208',1,'view','{}','查看会话监控','2025-07-19 22:34:36','2025-07-19 22:34:36'),(148,'ssh-1752935614-5823250833594007208',1,'view','{}','查看会话监控','2025-07-19 22:34:36','2025-07-19 22:34:36'),(149,'ssh-1752935614-5823250833594007208',1,'view','{}','查看会话监控','2025-07-19 22:34:37','2025-07-19 22:34:37'),(150,'ssh-1752935614-5823250833594007208',1,'view','{}','查看会话监控','2025-07-19 22:34:39','2025-07-19 22:34:39'),(151,'ssh-1752935614-5823250833594007208',1,'view','{}','查看会话监控','2025-07-19 22:34:39','2025-07-19 22:34:39'),(152,'ssh-1752935614-5823250833594007208',1,'view','{}','查看会话监控','2025-07-19 22:34:40','2025-07-19 22:34:40'),(153,'ssh-1752935614-5823250833594007208',1,'view','{}','查看会话监控','2025-07-19 22:34:42','2025-07-19 22:34:42'),(154,'ssh-1752935614-5823250833594007208',1,'view','{}','查看会话监控','2025-07-19 22:34:42','2025-07-19 22:34:42'),(155,'ssh-1752935614-5823250833594007208',1,'view','{}','查看会话监控','2025-07-19 22:34:43','2025-07-19 22:34:43'),(156,'ssh-1752935614-5823250833594007208',1,'view','{}','查看会话监控','2025-07-19 22:34:44','2025-07-19 22:34:44'),(157,'ssh-1752935614-5823250833594007208',1,'view','{}','查看会话监控','2025-07-19 22:34:44','2025-07-19 22:34:44'),(158,'ssh-1752935614-5823250833594007208',1,'view','{}','查看会话监控','2025-07-19 22:34:45','2025-07-19 22:34:45'),(159,'ssh-1752935614-5823250833594007208',1,'view','{}','查看会话监控','2025-07-19 22:34:51','2025-07-19 22:34:51'),(160,'ssh-1752935614-5823250833594007208',1,'view','{}','查看会话监控','2025-07-19 22:34:51','2025-07-19 22:34:51'),(161,'ssh-1752935614-5823250833594007208',1,'view','{}','查看会话监控','2025-07-19 22:34:52','2025-07-19 22:34:52'),(162,'ssh-1752935614-5823250833594007208',1,'view','{}','查看会话监控','2025-07-19 22:35:05','2025-07-19 22:35:05'),(163,'ssh-1752935702-5192766140324586676',1,'view','{}','查看会话监控','2025-07-19 22:35:05','2025-07-19 22:35:05'),(164,'ssh-1752935614-5823250833594007208',1,'view','{}','查看会话监控','2025-07-19 22:35:05','2025-07-19 22:35:05'),(165,'ssh-1752935702-5192766140324586676',1,'view','{}','查看会话监控','2025-07-19 22:35:05','2025-07-19 22:35:05'),(166,'ssh-1752935614-5823250833594007208',1,'view','{}','查看会话监控','2025-07-19 22:35:06','2025-07-19 22:35:06'),(167,'ssh-1752935702-5192766140324586676',1,'view','{}','查看会话监控','2025-07-19 22:35:06','2025-07-19 22:35:06'),(168,'ssh-1752935614-5823250833594007208',1,'terminate','{\"force\": true, \"session_duration\": 96.538188, \"termination_time\": \"2025-07-19T22:35:10.537002+08:00\"}','.','2025-07-19 22:35:11','2025-07-19 22:35:11'),(169,'ssh-1752935702-5192766140324586676',1,'view','{}','查看会话监控','2025-07-19 22:35:11','2025-07-19 22:35:11'),(170,'ssh-1752935702-5192766140324586676',1,'terminate','{\"force\": true, \"session_duration\": 12.472794, \"termination_time\": \"2025-07-19T22:35:14.47176+08:00\"}','.','2025-07-19 22:35:14','2025-07-19 22:35:14'),(171,'ssh-1752943932-7366255010898905296',1,'view','{}','查看会话监控','2025-07-20 00:52:15','2025-07-20 00:52:15'),(172,'ssh-1752943932-7366255010898905296',1,'view','{}','查看会话监控','2025-07-20 00:52:15','2025-07-20 00:52:15'),(173,'ssh-1752943932-7366255010898905296',1,'view','{}','查看会话监控','2025-07-20 00:52:16','2025-07-20 00:52:16'),(174,'ssh-1752943932-7366255010898905296',1,'view','{}','查看会话监控','2025-07-20 00:52:19','2025-07-20 00:52:19'),(175,'ssh-1752943932-7366255010898905296',1,'view','{}','查看会话监控','2025-07-20 00:52:45','2025-07-20 00:52:45'),(176,'ssh-1752944459-6243566557256517286',1,'view','{}','查看会话监控','2025-07-20 01:01:05','2025-07-20 01:01:05'),(177,'ssh-1752944459-6243566557256517286',1,'view','{}','查看会话监控','2025-07-20 01:01:57','2025-07-20 01:01:57'),(178,'ssh-1752944459-6243566557256517286',1,'view','{}','查看会话监控','2025-07-20 01:02:59','2025-07-20 01:02:59'),(179,'ssh-1752944574-2094210409098121183',1,'view','{}','查看会话监控','2025-07-20 01:02:59','2025-07-20 01:02:59'),(180,'ssh-1752944574-2094210409098121183',1,'view','{}','查看会话监控','2025-07-20 01:02:59','2025-07-20 01:02:59'),(181,'ssh-1752944574-2094210409098121183',1,'view','{}','查看会话监控','2025-07-20 01:03:01','2025-07-20 01:03:01'),(182,'ssh-1752944574-2094210409098121183',1,'view','{}','查看会话监控','2025-07-20 01:03:02','2025-07-20 01:03:02'),(183,'ssh-1752944574-2094210409098121183',1,'view','{}','查看会话监控','2025-07-20 01:03:02','2025-07-20 01:03:02'),(184,'ssh-1752944574-2094210409098121183',1,'view','{}','查看会话监控','2025-07-20 01:03:03','2025-07-20 01:03:03'),(185,'ssh-1752944574-2094210409098121183',1,'view','{}','查看会话监控','2025-07-20 01:03:03','2025-07-20 01:03:03'),(186,'ssh-1752944574-2094210409098121183',1,'view','{}','查看会话监控','2025-07-20 01:03:04','2025-07-20 01:03:04'),(187,'ssh-1752944574-2094210409098121183',1,'view','{}','查看会话监控','2025-07-20 01:03:04','2025-07-20 01:03:04'),(188,'ssh-1752944574-2094210409098121183',1,'view','{}','查看会话监控','2025-07-20 01:03:04','2025-07-20 01:03:04'),(189,'ssh-1752944574-2094210409098121183',1,'view','{}','查看会话监控','2025-07-20 01:03:04','2025-07-20 01:03:04'),(190,'ssh-1752944574-2094210409098121183',1,'view','{}','查看会话监控','2025-07-20 01:03:04','2025-07-20 01:03:04'),(191,'ssh-1752944574-2094210409098121183',1,'view','{}','查看会话监控','2025-07-20 01:03:05','2025-07-20 01:03:05'),(192,'ssh-1752944574-2094210409098121183',1,'view','{}','查看会话监控','2025-07-20 01:03:10','2025-07-20 01:03:10'),(193,'ssh-1752944574-2094210409098121183',1,'view','{}','查看会话监控','2025-07-20 01:03:10','2025-07-20 01:03:10'),(194,'ssh-1752944574-2094210409098121183',1,'view','{}','查看会话监控','2025-07-20 01:03:11','2025-07-20 01:03:11'),(195,'ssh-1752944574-2094210409098121183',1,'view','{}','查看会话监控','2025-07-20 01:03:11','2025-07-20 01:03:11'),(196,'ssh-1752944574-2094210409098121183',1,'view','{}','查看会话监控','2025-07-20 01:03:11','2025-07-20 01:03:11'),(197,'ssh-1752944574-2094210409098121183',1,'view','{}','查看会话监控','2025-07-20 01:03:12','2025-07-20 01:03:12'),(198,'ssh-1752944574-2094210409098121183',1,'view','{}','查看会话监控','2025-07-20 01:03:12','2025-07-20 01:03:12'),(199,'ssh-1752944574-2094210409098121183',1,'view','{}','查看会话监控','2025-07-20 01:03:13','2025-07-20 01:03:13'),(200,'ssh-1752944574-2094210409098121183',1,'view','{}','查看会话监控','2025-07-20 01:03:13','2025-07-20 01:03:13'),(201,'ssh-1752944574-2094210409098121183',1,'view','{}','查看会话监控','2025-07-20 01:03:14','2025-07-20 01:03:14'),(202,'ssh-1752944574-2094210409098121183',1,'view','{}','查看会话监控','2025-07-20 01:03:14','2025-07-20 01:03:14'),(203,'ssh-1752944574-2094210409098121183',1,'view','{}','查看会话监控','2025-07-20 01:03:14','2025-07-20 01:03:14'),(204,'ssh-1752944574-2094210409098121183',1,'view','{}','查看会话监控','2025-07-20 01:03:15','2025-07-20 01:03:15'),(205,'ssh-1752944574-2094210409098121183',1,'view','{}','查看会话监控','2025-07-20 01:03:15','2025-07-20 01:03:15'),(206,'ssh-1752944574-2094210409098121183',1,'view','{}','查看会话监控','2025-07-20 01:03:15','2025-07-20 01:03:15'),(207,'ssh-1752944574-2094210409098121183',1,'view','{}','查看会话监控','2025-07-20 01:03:16','2025-07-20 01:03:16'),(208,'ssh-1752944574-2094210409098121183',1,'view','{}','查看会话监控','2025-07-20 01:03:16','2025-07-20 01:03:16'),(209,'ssh-1752944574-2094210409098121183',1,'view','{}','查看会话监控','2025-07-20 01:03:16','2025-07-20 01:03:16'),(210,'ssh-1752944750-8260972995069143691',1,'view','{}','查看会话监控','2025-07-20 01:05:58','2025-07-20 01:05:58'),(211,'ssh-1752944750-8260972995069143691',1,'view','{}','查看会话监控','2025-07-20 01:05:58','2025-07-20 01:05:58'),(212,'ssh-1752944750-8260972995069143691',1,'view','{}','查看会话监控','2025-07-20 01:05:59','2025-07-20 01:05:59'),(213,'ssh-1752944750-8260972995069143691',1,'terminate','{\"force\": true, \"session_duration\": 14.290218, \"termination_time\": \"2025-07-20T01:06:05.288315+08:00\"}','test','2025-07-20 01:06:05','2025-07-20 01:06:05'),(214,'ssh-1752949655-440352388834370781',1,'view','{}','查看会话监控','2025-07-20 02:27:54','2025-07-20 02:27:54'),(215,'ssh-1752949655-440352388834370781',1,'view','{}','查看会话监控','2025-07-20 02:27:54','2025-07-20 02:27:54'),(216,'ssh-1752949655-440352388834370781',1,'view','{}','查看会话监控','2025-07-20 02:27:55','2025-07-20 02:27:55'),(217,'ssh-1752952078-4815445536803869219',1,'view','{}','查看会话监控','2025-07-20 03:09:08','2025-07-20 03:09:08'),(218,'ssh-1752952078-4815445536803869219',1,'view','{}','查看会话监控','2025-07-20 03:09:08','2025-07-20 03:09:08'),(219,'ssh-1752952078-4815445536803869219',1,'view','{}','查看会话监控','2025-07-20 03:09:09','2025-07-20 03:09:09'),(220,'ssh-1752952078-4815445536803869219',1,'view','{}','查看会话监控','2025-07-20 03:09:12','2025-07-20 03:09:12'),(221,'ssh-1752952078-4815445536803869219',1,'view','{}','查看会话监控','2025-07-20 03:09:12','2025-07-20 03:09:12'),(222,'ssh-1752952078-4815445536803869219',1,'view','{}','查看会话监控','2025-07-20 03:09:13','2025-07-20 03:09:13'),(223,'ssh-1752952078-4815445536803869219',1,'terminate','{\"force\": true, \"session_duration\": 78.157243, \"termination_time\": \"2025-07-20T03:09:16.155539+08:00\"}','111','2025-07-20 03:09:16','2025-07-20 03:09:16'),(224,'ssh-1752952774-3844558173056456867',1,'view','{}','查看会话监控','2025-07-20 03:19:55','2025-07-20 03:19:55'),(225,'ssh-1752952774-3844558173056456867',1,'view','{}','查看会话监控','2025-07-20 03:19:55','2025-07-20 03:19:55'),(226,'ssh-1752952774-3844558173056456867',1,'view','{}','查看会话监控','2025-07-20 03:19:56','2025-07-20 03:19:56'),(227,'ssh-1752952774-3844558173056456867',1,'terminate','{\"force\": true, \"session_duration\": 23.898781, \"termination_time\": \"2025-07-20T03:19:58.897408+08:00\"}','111','2025-07-20 03:19:59','2025-07-20 03:19:59'),(228,'ssh-1752954332-370513894315401249',1,'view','{}','查看会话监控','2025-07-20 03:45:42','2025-07-20 03:45:42'),(229,'ssh-1752954332-370513894315401249',1,'view','{}','查看会话监控','2025-07-20 03:45:56','2025-07-20 03:45:56'),(230,'ssh-1752954332-370513894315401249',1,'view','{}','查看会话监控','2025-07-20 03:45:56','2025-07-20 03:45:56'),(231,'ssh-1752954332-370513894315401249',1,'view','{}','查看会话监控','2025-07-20 03:45:57','2025-07-20 03:45:57'),(232,'ssh-1752954332-370513894315401249',1,'view','{}','查看会话监控','2025-07-20 03:46:02','2025-07-20 03:46:02'),(233,'ssh-1752994902-3785020943241838822',1,'view','{}','查看会话监控','2025-07-20 15:02:18','2025-07-20 15:02:18'),(234,'ssh-1752994902-3785020943241838822',1,'view','{}','查看会话监控','2025-07-20 15:02:18','2025-07-20 15:02:18'),(235,'ssh-1752994902-3785020943241838822',1,'view','{}','查看会话监控','2025-07-20 15:02:19','2025-07-20 15:02:19'),(236,'ssh-1752994902-3785020943241838822',1,'terminate','{\"force\": true, \"session_duration\": 38.437023, \"termination_time\": \"2025-07-20T15:02:21.435201+08:00\"}','111','2025-07-20 15:02:21','2025-07-20 15:02:21'),(237,'ssh-1753021393-2261146932686485763',1,'view','{}','查看会话监控','2025-07-20 22:23:25','2025-07-20 22:23:25'),(238,'ssh-1753031763-4271359277666939751',1,'view','{}','查看会话监控','2025-07-21 01:16:12','2025-07-21 01:16:12'),(239,'ssh-1753031763-4271359277666939751',1,'view','{}','查看会话监控','2025-07-21 01:16:12','2025-07-21 01:16:12'),(240,'ssh-1753031763-4271359277666939751',1,'view','{}','查看会话监控','2025-07-21 01:16:13','2025-07-21 01:16:13'),(241,'ssh-1753031763-4271359277666939751',1,'view','{}','查看会话监控','2025-07-21 01:16:15','2025-07-21 01:16:15'),(242,'ssh-1753031763-4271359277666939751',1,'view','{}','查看会话监控','2025-07-21 01:16:26','2025-07-21 01:16:26'),(243,'ssh-1753034910-7280127812022472136',1,'view','{}','查看会话监控','2025-07-21 02:08:58','2025-07-21 02:08:58'),(244,'ssh-1753034910-7280127812022472136',1,'view','{}','查看会话监控','2025-07-21 02:08:58','2025-07-21 02:08:58'),(245,'ssh-1753034910-7280127812022472136',1,'view','{}','查看会话监控','2025-07-21 02:08:59','2025-07-21 02:08:59'),(246,'ssh-1753034910-7280127812022472136',1,'view','{}','查看会话监控','2025-07-21 02:08:59','2025-07-21 02:08:59'),(247,'ssh-1753034910-7280127812022472136',1,'view','{}','查看会话监控','2025-07-21 02:08:59','2025-07-21 02:08:59'),(248,'ssh-1753034910-7280127812022472136',1,'view','{}','查看会话监控','2025-07-21 02:09:00','2025-07-21 02:09:00'),(249,'ssh-1753034910-7280127812022472136',1,'view','{}','查看会话监控','2025-07-21 02:09:00','2025-07-21 02:09:00'),(250,'ssh-1753034910-7280127812022472136',1,'view','{}','查看会话监控','2025-07-21 02:09:00','2025-07-21 02:09:00'),(251,'ssh-1753034910-7280127812022472136',1,'view','{}','查看会话监控','2025-07-21 02:09:00','2025-07-21 02:09:00'),(252,'ssh-1753034910-7280127812022472136',1,'view','{}','查看会话监控','2025-07-21 02:09:00','2025-07-21 02:09:00'),(253,'ssh-1753034910-7280127812022472136',1,'view','{}','查看会话监控','2025-07-21 02:09:01','2025-07-21 02:09:01'),(254,'ssh-1753034910-7280127812022472136',1,'view','{}','查看会话监控','2025-07-21 02:09:01','2025-07-21 02:09:01'),(255,'ssh-1753034910-7280127812022472136',1,'view','{}','查看会话监控','2025-07-21 02:09:01','2025-07-21 02:09:01'),(256,'ssh-1753034910-7280127812022472136',1,'view','{}','查看会话监控','2025-07-21 02:09:02','2025-07-21 02:09:02'),(257,'ssh-1753034910-7280127812022472136',1,'view','{}','查看会话监控','2025-07-21 02:09:05','2025-07-21 02:09:05'),(258,'ssh-1753034910-7280127812022472136',1,'view','{}','查看会话监控','2025-07-21 02:09:07','2025-07-21 02:09:07'),(259,'ssh-1753034910-7280127812022472136',1,'view','{}','查看会话监控','2025-07-21 02:09:07','2025-07-21 02:09:07'),(260,'ssh-1753034910-7280127812022472136',1,'view','{}','查看会话监控','2025-07-21 02:09:08','2025-07-21 02:09:08'),(261,'ssh-1753034910-7280127812022472136',1,'view','{}','查看会话监控','2025-07-21 02:09:09','2025-07-21 02:09:09'),(262,'ssh-1753034910-7280127812022472136',1,'view','{}','查看会话监控','2025-07-21 02:09:09','2025-07-21 02:09:09'),(263,'ssh-1753034910-7280127812022472136',1,'view','{}','查看会话监控','2025-07-21 02:09:10','2025-07-21 02:09:10'),(264,'ssh-1753034910-7280127812022472136',1,'view','{}','查看会话监控','2025-07-21 02:09:11','2025-07-21 02:09:11'),(265,'ssh-1753034910-7280127812022472136',1,'view','{}','查看会话监控','2025-07-21 02:09:11','2025-07-21 02:09:11'),(266,'ssh-1753034910-7280127812022472136',1,'view','{}','查看会话监控','2025-07-21 02:09:12','2025-07-21 02:09:12'),(267,'ssh-1753034910-7280127812022472136',1,'view','{}','查看会话监控','2025-07-21 02:09:13','2025-07-21 02:09:13'),(268,'ssh-1753034910-7280127812022472136',1,'view','{}','查看会话监控','2025-07-21 02:09:17','2025-07-21 02:09:17'),(269,'ssh-1753034910-7280127812022472136',1,'view','{}','查看会话监控','2025-07-21 02:09:17','2025-07-21 02:09:17'),(270,'ssh-1753034910-7280127812022472136',1,'view','{}','查看会话监控','2025-07-21 02:09:17','2025-07-21 02:09:17'),(271,'ssh-1753034910-7280127812022472136',1,'view','{}','查看会话监控','2025-07-21 02:09:17','2025-07-21 02:09:17'),(272,'ssh-1753034910-7280127812022472136',1,'view','{}','查看会话监控','2025-07-21 02:09:18','2025-07-21 02:09:18'),(273,'ssh-1753034910-7280127812022472136',1,'view','{}','查看会话监控','2025-07-21 02:09:18','2025-07-21 02:09:18'),(274,'ssh-1753034910-7280127812022472136',1,'view','{}','查看会话监控','2025-07-21 02:09:18','2025-07-21 02:09:18'),(275,'ssh-1753034910-7280127812022472136',1,'view','{}','查看会话监控','2025-07-21 02:09:18','2025-07-21 02:09:18'),(276,'ssh-1753034910-7280127812022472136',1,'view','{}','查看会话监控','2025-07-21 02:09:18','2025-07-21 02:09:18'),(277,'ssh-1753034910-7280127812022472136',1,'view','{}','查看会话监控','2025-07-21 02:09:18','2025-07-21 02:09:18'),(278,'ssh-1753034910-7280127812022472136',1,'view','{}','查看会话监控','2025-07-21 02:09:19','2025-07-21 02:09:19'),(279,'ssh-1753034910-7280127812022472136',1,'view','{}','查看会话监控','2025-07-21 02:09:19','2025-07-21 02:09:19'),(280,'ssh-1753034910-7280127812022472136',1,'view','{}','查看会话监控','2025-07-21 02:09:19','2025-07-21 02:09:19'),(281,'ssh-1753034910-7280127812022472136',1,'view','{}','查看会话监控','2025-07-21 02:09:19','2025-07-21 02:09:19'),(282,'ssh-1753034910-7280127812022472136',1,'view','{}','查看会话监控','2025-07-21 02:09:19','2025-07-21 02:09:19'),(283,'ssh-1753034910-7280127812022472136',1,'view','{}','查看会话监控','2025-07-21 02:09:20','2025-07-21 02:09:20'),(284,'ssh-1753034910-7280127812022472136',1,'view','{}','查看会话监控','2025-07-21 02:09:21','2025-07-21 02:09:21'),(285,'ssh-1753034910-7280127812022472136',1,'view','{}','查看会话监控','2025-07-21 02:09:21','2025-07-21 02:09:21'),(286,'ssh-1753034910-7280127812022472136',1,'view','{}','查看会话监控','2025-07-21 02:09:21','2025-07-21 02:09:21'),(287,'ssh-1753034910-7280127812022472136',1,'view','{}','查看会话监控','2025-07-21 02:09:21','2025-07-21 02:09:21'),(288,'ssh-1753034910-7280127812022472136',1,'view','{}','查看会话监控','2025-07-21 02:09:22','2025-07-21 02:09:22'),(289,'ssh-1753034910-7280127812022472136',1,'view','{}','查看会话监控','2025-07-21 02:09:22','2025-07-21 02:09:22'),(290,'ssh-1753034910-7280127812022472136',1,'view','{}','查看会话监控','2025-07-21 02:09:37','2025-07-21 02:09:37'),(291,'ssh-1753034910-7280127812022472136',1,'view','{}','查看会话监控','2025-07-21 02:09:37','2025-07-21 02:09:37'),(292,'ssh-1753034910-7280127812022472136',1,'view','{}','查看会话监控','2025-07-21 02:09:37','2025-07-21 02:09:37'),(293,'ssh-1753034910-7280127812022472136',1,'view','{}','查看会话监控','2025-07-21 02:09:38','2025-07-21 02:09:38'),(294,'ssh-1753034910-7280127812022472136',1,'view','{}','查看会话监控','2025-07-21 02:09:38','2025-07-21 02:09:38'),(295,'ssh-1753034910-7280127812022472136',1,'view','{}','查看会话监控','2025-07-21 02:09:38','2025-07-21 02:09:38'),(296,'ssh-1753034910-7280127812022472136',1,'view','{}','查看会话监控','2025-07-21 02:09:38','2025-07-21 02:09:38'),(297,'ssh-1753034910-7280127812022472136',1,'view','{}','查看会话监控','2025-07-21 02:09:39','2025-07-21 02:09:39'),(298,'ssh-1753034910-7280127812022472136',1,'view','{}','查看会话监控','2025-07-21 02:09:39','2025-07-21 02:09:39'),(299,'ssh-1753034910-7280127812022472136',1,'view','{}','查看会话监控','2025-07-21 02:09:40','2025-07-21 02:09:40'),(300,'ssh-1753034910-7280127812022472136',1,'view','{}','查看会话监控','2025-07-21 02:09:41','2025-07-21 02:09:41'),(301,'ssh-1753034910-7280127812022472136',1,'view','{}','查看会话监控','2025-07-21 02:09:41','2025-07-21 02:09:41'),(302,'ssh-1753034910-7280127812022472136',1,'view','{}','查看会话监控','2025-07-21 02:09:41','2025-07-21 02:09:41'),(303,'ssh-1753034910-7280127812022472136',1,'view','{}','查看会话监控','2025-07-21 02:09:41','2025-07-21 02:09:41'),(304,'ssh-1753034910-7280127812022472136',1,'view','{}','查看会话监控','2025-07-21 02:09:41','2025-07-21 02:09:41'),(305,'ssh-1753034910-7280127812022472136',1,'view','{}','查看会话监控','2025-07-21 02:09:42','2025-07-21 02:09:42'),(306,'ssh-1753034910-7280127812022472136',1,'view','{}','查看会话监控','2025-07-21 02:09:42','2025-07-21 02:09:42'),(307,'ssh-1753034910-7280127812022472136',1,'view','{}','查看会话监控','2025-07-21 02:09:42','2025-07-21 02:09:42'),(308,'ssh-1753034910-7280127812022472136',1,'view','{}','查看会话监控','2025-07-21 02:09:42','2025-07-21 02:09:42'),(309,'ssh-1753034910-7280127812022472136',1,'view','{}','查看会话监控','2025-07-21 02:09:43','2025-07-21 02:09:43'),(310,'ssh-1753034910-7280127812022472136',1,'view','{}','查看会话监控','2025-07-21 02:09:45','2025-07-21 02:09:45'),(311,'ssh-1753034910-7280127812022472136',1,'view','{}','查看会话监控','2025-07-21 02:09:45','2025-07-21 02:09:45'),(312,'ssh-1753034910-7280127812022472136',1,'view','{}','查看会话监控','2025-07-21 02:09:46','2025-07-21 02:09:46'),(313,'ssh-1753034910-7280127812022472136',1,'view','{}','查看会话监控','2025-07-21 02:09:46','2025-07-21 02:09:46'),(314,'ssh-1753034910-7280127812022472136',1,'terminate','{\"force\": true, \"session_duration\": 77.637345, \"termination_time\": \"2025-07-21T02:09:48.635877+08:00\"}','111','2025-07-21 02:09:49','2025-07-21 02:09:49'),(315,'ssh-1753078236-2049442131430500143',1,'view','{}','查看会话监控','2025-07-21 14:10:47','2025-07-21 14:10:47'),(316,'ssh-1753078236-2049442131430500143',1,'view','{}','查看会话监控','2025-07-21 14:10:47','2025-07-21 14:10:47'),(317,'ssh-1753078236-2049442131430500143',1,'view','{}','查看会话监控','2025-07-21 14:10:48','2025-07-21 14:10:48'),(318,'ssh-1753089436-31774588054777430',1,'view','{}','查看会话监控','2025-07-21 17:17:23','2025-07-21 17:17:23'),(319,'ssh-1753089436-31774588054777430',1,'view','{}','查看会话监控','2025-07-21 17:17:23','2025-07-21 17:17:23'),(320,'ssh-1753089436-31774588054777430',1,'view','{}','查看会话监控','2025-07-21 17:17:24','2025-07-21 17:17:24'),(321,'ssh-1753089436-31774588054777430',1,'view','{}','查看会话监控','2025-07-21 17:17:34','2025-07-21 17:17:34'),(322,'ssh-1753089436-31774588054777430',1,'view','{}','查看会话监控','2025-07-21 17:17:34','2025-07-21 17:17:34'),(323,'ssh-1753089436-31774588054777430',1,'view','{}','查看会话监控','2025-07-21 17:17:35','2025-07-21 17:17:35'),(324,'ssh-1753089436-31774588054777430',1,'view','{}','查看会话监控','2025-07-21 17:17:42','2025-07-21 17:17:42'),(325,'ssh-1753089436-31774588054777430',1,'view','{}','查看会话监控','2025-07-21 17:17:42','2025-07-21 17:17:42'),(326,'ssh-1753089436-31774588054777430',1,'view','{}','查看会话监控','2025-07-21 17:17:43','2025-07-21 17:17:43'),(327,'ssh-1753099862-6887249267557559893',1,'view','{}','查看会话监控','2025-07-21 20:11:28','2025-07-21 20:11:28'),(328,'ssh-1753099862-6887249267557559893',1,'view','{}','查看会话监控','2025-07-21 20:11:28','2025-07-21 20:11:28'),(329,'ssh-1753099862-6887249267557559893',1,'view','{}','查看会话监控','2025-07-21 20:11:28','2025-07-21 20:11:28'),(330,'ssh-1753099862-6887249267557559893',1,'view','{}','查看会话监控','2025-07-21 20:11:29','2025-07-21 20:11:29'),(331,'ssh-1753099862-6887249267557559893',1,'view','{}','查看会话监控','2025-07-21 20:11:29','2025-07-21 20:11:29'),(332,'ssh-1753099862-6887249267557559893',1,'view','{}','查看会话监控','2025-07-21 20:11:30','2025-07-21 20:11:30'),(333,'ssh-1753099862-6887249267557559893',1,'view','{}','查看会话监控','2025-07-21 20:11:30','2025-07-21 20:11:30'),(334,'ssh-1753099862-6887249267557559893',1,'view','{}','查看会话监控','2025-07-21 20:11:30','2025-07-21 20:11:30'),(335,'ssh-1753099862-6887249267557559893',1,'view','{}','查看会话监控','2025-07-21 20:11:30','2025-07-21 20:11:30'),(336,'ssh-1753099862-6887249267557559893',1,'view','{}','查看会话监控','2025-07-21 20:11:31','2025-07-21 20:11:31'),(337,'ssh-1753099862-6887249267557559893',1,'view','{}','查看会话监控','2025-07-21 20:11:31','2025-07-21 20:11:31'),(338,'ssh-1753099862-6887249267557559893',1,'view','{}','查看会话监控','2025-07-21 20:11:37','2025-07-21 20:11:37'),(339,'ssh-1753099862-6887249267557559893',1,'view','{}','查看会话监控','2025-07-21 20:11:37','2025-07-21 20:11:37'),(340,'ssh-1753099862-6887249267557559893',1,'view','{}','查看会话监控','2025-07-21 20:11:38','2025-07-21 20:11:38'),(341,'ssh-1753099862-6887249267557559893',1,'terminate','{\"force\": true, \"session_duration\": 37.288639, \"termination_time\": \"2025-07-21T20:11:39.286389+08:00\"}','111','2025-07-21 20:11:39','2025-07-21 20:11:39'),(342,'ssh-1753102174-3647024094555555881',1,'view','{}','查看会话监控','2025-07-21 20:49:43','2025-07-21 20:49:43'),(343,'ssh-1753102174-3647024094555555881',1,'view','{}','查看会话监控','2025-07-21 20:49:44','2025-07-21 20:49:44'),(344,'ssh-1753102174-3647024094555555881',1,'view','{}','查看会话监控','2025-07-21 20:49:44','2025-07-21 20:49:44'),(345,'ssh-1753102174-3647024094555555881',1,'terminate','{\"force\": true, \"session_duration\": 12.593157, \"termination_time\": \"2025-07-21T20:49:46.589686+08:00\"}','111','2025-07-21 20:49:47','2025-07-21 20:49:47'),(346,'ssh-1753136460-3009091252491305355',1,'view','{}','查看会话监控','2025-07-22 06:21:05','2025-07-22 06:21:05'),(347,'ssh-1753136460-3009091252491305355',1,'view','{}','查看会话监控','2025-07-22 06:21:05','2025-07-22 06:21:05'),(348,'ssh-1753136460-3009091252491305355',1,'view','{}','查看会话监控','2025-07-22 06:21:06','2025-07-22 06:21:06'),(349,'ssh-1753173759-7378214324043574782',1,'view','{}','查看会话监控','2025-07-22 16:42:48','2025-07-22 16:42:48'),(350,'ssh-1753173759-7378214324043574782',1,'view','{}','查看会话监控','2025-07-22 16:42:48','2025-07-22 16:42:48'),(351,'ssh-1753173759-7378214324043574782',1,'view','{}','查看会话监控','2025-07-22 16:42:49','2025-07-22 16:42:49'),(352,'ssh-1753180292-8950261781757391714',1,'view','{}','查看会话监控','2025-07-22 18:31:35','2025-07-22 18:31:35'),(353,'ssh-1753180292-8950261781757391714',1,'view','{}','查看会话监控','2025-07-22 18:31:35','2025-07-22 18:31:35'),(354,'ssh-1753180292-8950261781757391714',1,'view','{}','查看会话监控','2025-07-22 18:31:36','2025-07-22 18:31:36'),(355,'ssh-1753180292-8950261781757391714',1,'view','{}','查看会话监控','2025-07-22 18:31:36','2025-07-22 18:31:36'),(356,'ssh-1753180292-8950261781757391714',1,'view','{}','查看会话监控','2025-07-22 18:31:39','2025-07-22 18:31:39'),(357,'ssh-1753180292-8950261781757391714',1,'view','{}','查看会话监控','2025-07-22 18:31:39','2025-07-22 18:31:39'),(358,'ssh-1753180292-8950261781757391714',1,'view','{}','查看会话监控','2025-07-22 18:31:40','2025-07-22 18:31:40'),(359,'ssh-1753180292-8950261781757391714',1,'view','{}','查看会话监控','2025-07-22 18:31:40','2025-07-22 18:31:40'),(360,'ssh-1753180292-8950261781757391714',1,'view','{}','查看会话监控','2025-07-22 18:31:40','2025-07-22 18:31:40'),(361,'ssh-1753180292-8950261781757391714',1,'view','{}','查看会话监控','2025-07-22 18:31:40','2025-07-22 18:31:40'),(362,'ssh-1753180292-8950261781757391714',1,'view','{}','查看会话监控','2025-07-22 18:31:40','2025-07-22 18:31:40'),(363,'ssh-1753180292-8950261781757391714',1,'view','{}','查看会话监控','2025-07-22 18:31:40','2025-07-22 18:31:40'),(364,'ssh-1753180292-8950261781757391714',1,'view','{}','查看会话监控','2025-07-22 18:32:51','2025-07-22 18:32:51'),(365,'ssh-1753180292-8950261781757391714',1,'view','{}','查看会话监控','2025-07-22 18:32:52','2025-07-22 18:32:52'),(366,'ssh-1753189975-6072770722195210561',1,'view','{}','查看会话监控','2025-07-22 21:13:03','2025-07-22 21:13:03'),(367,'ssh-1753189975-6072770722195210561',1,'view','{}','查看会话监控','2025-07-22 21:13:04','2025-07-22 21:13:04'),(368,'ssh-1753189975-6072770722195210561',1,'view','{}','查看会话监控','2025-07-22 21:13:04','2025-07-22 21:13:04'),(369,'ssh-1753189975-6072770722195210561',1,'view','{}','查看会话监控','2025-07-22 21:13:05','2025-07-22 21:13:05'),(370,'ssh-1753189975-6072770722195210561',1,'view','{}','查看会话监控','2025-07-22 21:13:11','2025-07-22 21:13:11'),(371,'ssh-1753189975-6072770722195210561',1,'view','{}','查看会话监控','2025-07-22 21:13:18','2025-07-22 21:13:18'),(372,'ssh-1753189975-6072770722195210561',1,'view','{}','查看会话监控','2025-07-22 21:13:21','2025-07-22 21:13:21'),(373,'ssh-1753189975-6072770722195210561',1,'view','{}','查看会话监控','2025-07-22 21:13:26','2025-07-22 21:13:26'),(374,'ssh-1753189975-6072770722195210561',1,'view','{}','查看会话监控','2025-07-22 21:13:26','2025-07-22 21:13:26'),(375,'ssh-1753189975-6072770722195210561',1,'view','{}','查看会话监控','2025-07-22 21:13:26','2025-07-22 21:13:26'),(376,'ssh-1753189975-6072770722195210561',1,'view','{}','查看会话监控','2025-07-22 21:13:27','2025-07-22 21:13:27'),(377,'ssh-1753189975-6072770722195210561',1,'view','{}','查看会话监控','2025-07-22 21:13:28','2025-07-22 21:13:28'),(378,'ssh-1753189975-6072770722195210561',1,'view','{}','查看会话监控','2025-07-22 21:13:28','2025-07-22 21:13:28'),(379,'ssh-1753189975-6072770722195210561',1,'view','{}','查看会话监控','2025-07-22 21:13:30','2025-07-22 21:13:30'),(380,'ssh-1753189975-6072770722195210561',1,'view','{}','查看会话监控','2025-07-22 21:13:47','2025-07-22 21:13:47'),(381,'ssh-1753189975-6072770722195210561',1,'view','{}','查看会话监控','2025-07-22 21:13:53','2025-07-22 21:13:53'),(382,'ssh-1753189975-6072770722195210561',1,'view','{}','查看会话监控','2025-07-22 21:13:55','2025-07-22 21:13:55'),(383,'ssh-1753189975-6072770722195210561',1,'view','{}','查看会话监控','2025-07-22 21:13:55','2025-07-22 21:13:55'),(384,'ssh-1753189975-6072770722195210561',1,'view','{}','查看会话监控','2025-07-22 21:13:57','2025-07-22 21:13:57'),(385,'ssh-1753189975-6072770722195210561',1,'view','{}','查看会话监控','2025-07-22 21:13:58','2025-07-22 21:13:58'),(386,'ssh-1753189975-6072770722195210561',1,'view','{}','查看会话监控','2025-07-22 21:13:58','2025-07-22 21:13:58'),(387,'ssh-1753189975-6072770722195210561',1,'view','{}','查看会话监控','2025-07-22 21:13:59','2025-07-22 21:13:59'),(388,'ssh-1753189975-6072770722195210561',1,'view','{}','查看会话监控','2025-07-22 21:13:59','2025-07-22 21:13:59'),(389,'ssh-1753189975-6072770722195210561',1,'view','{}','查看会话监控','2025-07-22 21:14:11','2025-07-22 21:14:11'),(390,'ssh-1753189975-6072770722195210561',1,'view','{}','查看会话监控','2025-07-22 21:14:28','2025-07-22 21:14:28'),(391,'ssh-1753189975-6072770722195210561',1,'view','{}','查看会话监控','2025-07-22 21:14:47','2025-07-22 21:14:47'),(392,'ssh-1753190898-4817591717587108490',1,'view','{}','查看会话监控','2025-07-22 21:28:21','2025-07-22 21:28:21'),(393,'ssh-1753190898-4817591717587108490',1,'view','{}','查看会话监控','2025-07-22 21:28:21','2025-07-22 21:28:21'),(394,'ssh-1753190898-4817591717587108490',1,'view','{}','查看会话监控','2025-07-22 21:28:22','2025-07-22 21:28:22'),(395,'ssh-1753190898-4817591717587108490',1,'view','{}','查看会话监控','2025-07-22 21:28:22','2025-07-22 21:28:22'),(396,'ssh-1753190898-4817591717587108490',1,'view','{}','查看会话监控','2025-07-22 21:28:23','2025-07-22 21:28:23'),(397,'ssh-1753190898-4817591717587108490',1,'view','{}','查看会话监控','2025-07-22 21:28:23','2025-07-22 21:28:23'),(398,'ssh-1753190898-4817591717587108490',1,'view','{}','查看会话监控','2025-07-22 21:28:28','2025-07-22 21:28:28'),(399,'ssh-1753190898-4817591717587108490',1,'view','{}','查看会话监控','2025-07-22 21:28:28','2025-07-22 21:28:28'),(400,'ssh-1753190898-4817591717587108490',1,'view','{}','查看会话监控','2025-07-22 21:28:29','2025-07-22 21:28:29'),(401,'ssh-1753190898-4817591717587108490',1,'view','{}','查看会话监控','2025-07-22 21:28:31','2025-07-22 21:28:31'),(402,'ssh-1753190898-4817591717587108490',1,'view','{}','查看会话监控','2025-07-22 21:28:32','2025-07-22 21:28:32'),(403,'ssh-1753190898-4817591717587108490',1,'view','{}','查看会话监控','2025-07-22 21:28:32','2025-07-22 21:28:32'),(404,'ssh-1753190898-4817591717587108490',1,'view','{}','查看会话监控','2025-07-22 21:28:33','2025-07-22 21:28:33'),(405,'ssh-1753190898-4817591717587108490',1,'view','{}','查看会话监控','2025-07-22 21:28:35','2025-07-22 21:28:35'),(406,'ssh-1753190898-4817591717587108490',1,'view','{}','查看会话监控','2025-07-22 21:28:35','2025-07-22 21:28:35'),(407,'ssh-1753190898-4817591717587108490',1,'view','{}','查看会话监控','2025-07-22 21:28:36','2025-07-22 21:28:36'),(408,'ssh-1753190898-4817591717587108490',1,'view','{}','查看会话监控','2025-07-22 21:28:36','2025-07-22 21:28:36'),(409,'ssh-1753190898-4817591717587108490',1,'view','{}','查看会话监控','2025-07-22 21:28:37','2025-07-22 21:28:37'),(410,'ssh-1753190898-4817591717587108490',1,'view','{}','查看会话监控','2025-07-22 21:28:38','2025-07-22 21:28:38'),(411,'ssh-1753190898-4817591717587108490',1,'view','{}','查看会话监控','2025-07-22 21:28:38','2025-07-22 21:28:38'),(412,'ssh-1753190898-4817591717587108490',1,'view','{}','查看会话监控','2025-07-22 21:28:39','2025-07-22 21:28:39'),(413,'ssh-1753190898-4817591717587108490',1,'view','{}','查看会话监控','2025-07-22 21:28:47','2025-07-22 21:28:47'),(414,'ssh-1753190898-4817591717587108490',1,'view','{}','查看会话监控','2025-07-22 21:29:08','2025-07-22 21:29:08'),(415,'ssh-1753190898-4817591717587108490',1,'view','{}','查看会话监控','2025-07-22 21:29:17','2025-07-22 21:29:17'),(416,'ssh-1753190898-4817591717587108490',1,'view','{}','查看会话监控','2025-07-22 21:29:38','2025-07-22 21:29:38'),(417,'ssh-1753190898-4817591717587108490',1,'view','{}','查看会话监控','2025-07-22 21:29:47','2025-07-22 21:29:47'),(418,'ssh-1753190898-4817591717587108490',1,'view','{}','查看会话监控','2025-07-22 21:30:08','2025-07-22 21:30:08'),(419,'ssh-1753191287-5092159984237876537',1,'view','{}','查看会话监控','2025-07-22 21:34:51','2025-07-22 21:34:51'),(420,'ssh-1753191287-5092159984237876537',1,'view','{}','查看会话监控','2025-07-22 21:34:51','2025-07-22 21:34:51'),(421,'ssh-1753191287-5092159984237876537',1,'view','{}','查看会话监控','2025-07-22 21:34:52','2025-07-22 21:34:52'),(422,'ssh-1753191287-5092159984237876537',1,'view','{}','查看会话监控','2025-07-22 21:34:53','2025-07-22 21:34:53'),(423,'ssh-1753191287-5092159984237876537',1,'view','{}','查看会话监控','2025-07-22 21:34:53','2025-07-22 21:34:53'),(424,'ssh-1753191454-3238507559435781650',1,'view','{}','查看会话监控','2025-07-22 21:37:38','2025-07-22 21:37:38'),(425,'ssh-1753191454-3238507559435781650',1,'view','{}','查看会话监控','2025-07-22 21:37:38','2025-07-22 21:37:38'),(426,'ssh-1753191454-3238507559435781650',1,'view','{}','查看会话监控','2025-07-22 21:37:39','2025-07-22 21:37:39'),(427,'ssh-1753191454-3238507559435781650',1,'view','{}','查看会话监控','2025-07-22 21:37:39','2025-07-22 21:37:39'),(428,'ssh-1753191454-3238507559435781650',1,'view','{}','查看会话监控','2025-07-22 21:37:40','2025-07-22 21:37:40'),(429,'ssh-1753191454-3238507559435781650',1,'view','{}','查看会话监控','2025-07-22 21:37:40','2025-07-22 21:37:40'),(430,'ssh-1753191454-3238507559435781650',1,'view','{}','查看会话监控','2025-07-22 21:37:40','2025-07-22 21:37:40'),(431,'ssh-1753191454-3238507559435781650',1,'view','{}','查看会话监控','2025-07-22 21:37:43','2025-07-22 21:37:43'),(432,'ssh-1753191454-3238507559435781650',1,'view','{}','查看会话监控','2025-07-22 21:37:43','2025-07-22 21:37:43'),(433,'ssh-1753191454-3238507559435781650',1,'view','{}','查看会话监控','2025-07-22 21:37:44','2025-07-22 21:37:44'),(434,'ssh-1753191454-3238507559435781650',1,'view','{}','查看会话监控','2025-07-22 21:37:44','2025-07-22 21:37:44'),(435,'ssh-1753191454-3238507559435781650',1,'view','{}','查看会话监控','2025-07-22 21:37:44','2025-07-22 21:37:44'),(436,'ssh-1753191454-3238507559435781650',1,'view','{}','查看会话监控','2025-07-22 21:37:44','2025-07-22 21:37:44'),(437,'ssh-1753191454-3238507559435781650',1,'view','{}','查看会话监控','2025-07-22 21:37:44','2025-07-22 21:37:44'),(438,'ssh-1753191454-3238507559435781650',1,'view','{}','查看会话监控','2025-07-22 21:37:46','2025-07-22 21:37:46'),(439,'ssh-1753191454-3238507559435781650',1,'view','{}','查看会话监控','2025-07-22 21:37:46','2025-07-22 21:37:46'),(440,'ssh-1753191454-3238507559435781650',1,'view','{}','查看会话监控','2025-07-22 21:37:47','2025-07-22 21:37:47'),(441,'ssh-1753191454-3238507559435781650',1,'view','{}','查看会话监控','2025-07-22 21:37:48','2025-07-22 21:37:48'),(442,'ssh-1753191454-3238507559435781650',1,'view','{}','查看会话监控','2025-07-22 21:37:49','2025-07-22 21:37:49'),(443,'ssh-1753191454-3238507559435781650',1,'view','{}','查看会话监控','2025-07-22 21:37:49','2025-07-22 21:37:49'),(444,'ssh-1753191454-3238507559435781650',1,'view','{}','查看会话监控','2025-07-22 21:37:50','2025-07-22 21:37:50'),(445,'ssh-1753191454-3238507559435781650',1,'view','{}','查看会话监控','2025-07-22 21:37:50','2025-07-22 21:37:50'),(446,'ssh-1753191454-3238507559435781650',1,'view','{}','查看会话监控','2025-07-22 21:37:50','2025-07-22 21:37:50'),(447,'ssh-1753191454-3238507559435781650',1,'view','{}','查看会话监控','2025-07-22 21:38:04','2025-07-22 21:38:04'),(448,'ssh-1753191481-1167012015835282990',1,'view','{}','查看会话监控','2025-07-22 21:38:04','2025-07-22 21:38:04'),(449,'ssh-1753191454-3238507559435781650',1,'view','{}','查看会话监控','2025-07-22 21:38:04','2025-07-22 21:38:04'),(450,'ssh-1753191481-1167012015835282990',1,'view','{}','查看会话监控','2025-07-22 21:38:04','2025-07-22 21:38:04'),(451,'ssh-1753191454-3238507559435781650',1,'view','{}','查看会话监控','2025-07-22 21:38:05','2025-07-22 21:38:05'),(452,'ssh-1753191481-1167012015835282990',1,'view','{}','查看会话监控','2025-07-22 21:38:05','2025-07-22 21:38:05'),(453,'ssh-1753191454-3238507559435781650',1,'view','{}','查看会话监控','2025-07-22 21:38:05','2025-07-22 21:38:05'),(454,'ssh-1753191481-1167012015835282990',1,'view','{}','查看会话监控','2025-07-22 21:38:05','2025-07-22 21:38:05'),(455,'ssh-1753191454-3238507559435781650',1,'view','{}','查看会话监控','2025-07-22 21:38:06','2025-07-22 21:38:06'),(456,'ssh-1753191481-1167012015835282990',1,'view','{}','查看会话监控','2025-07-22 21:38:06','2025-07-22 21:38:06'),(457,'ssh-1753191454-3238507559435781650',1,'view','{}','查看会话监控','2025-07-22 21:38:06','2025-07-22 21:38:06'),(458,'ssh-1753191481-1167012015835282990',1,'view','{}','查看会话监控','2025-07-22 21:38:06','2025-07-22 21:38:06'),(459,'ssh-1753191454-3238507559435781650',1,'view','{}','查看会话监控','2025-07-22 21:38:10','2025-07-22 21:38:10'),(460,'ssh-1753191454-3238507559435781650',1,'view','{}','查看会话监控','2025-07-22 21:38:11','2025-07-22 21:38:11'),(461,'ssh-1753191454-3238507559435781650',1,'view','{}','查看会话监控','2025-07-22 21:38:11','2025-07-22 21:38:11'),(462,'ssh-1753191454-3238507559435781650',1,'view','{}','查看会话监控','2025-07-22 21:38:12','2025-07-22 21:38:12'),(463,'ssh-1753191454-3238507559435781650',1,'view','{}','查看会话监控','2025-07-22 21:38:34','2025-07-22 21:38:34'),(464,'ssh-1753191454-3238507559435781650',1,'view','{}','查看会话监控','2025-07-22 21:38:47','2025-07-22 21:38:47'),(465,'ssh-1753191454-3238507559435781650',1,'view','{}','查看会话监控','2025-07-22 21:39:04','2025-07-22 21:39:04'),(466,'ssh-1753191751-1059272320999606100',1,'view','{}','查看会话监控','2025-07-22 21:42:34','2025-07-22 21:42:34'),(467,'ssh-1753191975-6751841019687142512',1,'view','{}','查看会话监控','2025-07-22 21:46:29','2025-07-22 21:46:29'),(468,'ssh-1753191987-3720946047095248900',1,'view','{}','查看会话监控','2025-07-22 21:46:29','2025-07-22 21:46:29'),(469,'ssh-1753191975-6751841019687142512',1,'view','{}','查看会话监控','2025-07-22 21:46:29','2025-07-22 21:46:29'),(470,'ssh-1753191987-3720946047095248900',1,'view','{}','查看会话监控','2025-07-22 21:46:29','2025-07-22 21:46:29'),(471,'ssh-1753191975-6751841019687142512',1,'view','{}','查看会话监控','2025-07-22 21:46:30','2025-07-22 21:46:30'),(472,'ssh-1753191987-3720946047095248900',1,'view','{}','查看会话监控','2025-07-22 21:46:30','2025-07-22 21:46:30'),(473,'ssh-1753192857-4810398178830768952',1,'view','{}','查看会话监控','2025-07-22 22:01:47','2025-07-22 22:01:47'),(474,'ssh-1753192857-4810398178830768952',1,'view','{}','查看会话监控','2025-07-22 22:02:47','2025-07-22 22:02:47'),(475,'ssh-1754042159-5222386099744861788',1,'view','{}','查看会话监控','2025-08-01 17:57:47','2025-08-01 17:57:47'),(476,'ssh-1754042159-5222386099744861788',1,'view','{}','查看会话监控','2025-08-01 17:57:47','2025-08-01 17:57:47'),(477,'ssh-1754042159-5222386099744861788',1,'view','{}','查看会话监控','2025-08-01 17:57:49','2025-08-01 17:57:49');
/*!40000 ALTER TABLE `session_monitor_logs` ENABLE KEYS */;
UNLOCK TABLES;

--
-- Table structure for table `session_recordings`
--

DROP TABLE IF EXISTS `session_recordings`;
/*!40101 SET @saved_cs_client     = @@character_set_client */;
/*!50503 SET character_set_client = utf8mb4 */;
CREATE TABLE `session_recordings` (
  `id` bigint unsigned NOT NULL AUTO_INCREMENT,
  `session_id` varchar(255) NOT NULL COMMENT '会话ID',
  `user_id` bigint unsigned NOT NULL COMMENT '用户ID',
  `asset_id` bigint unsigned NOT NULL COMMENT '资产ID',
  `start_time` datetime NOT NULL COMMENT '录制开始时间',
  `end_time` datetime DEFAULT NULL COMMENT '录制结束时间',
  `duration` bigint DEFAULT '0' COMMENT '录制时长(秒)',
  `file_path` varchar(500) NOT NULL COMMENT '录制文件路径',
  `file_size` bigint DEFAULT '0' COMMENT '文件大小(字节)',
  `compressed_size` bigint DEFAULT '0' COMMENT '压缩后大小(字节)',
  `format` varchar(50) DEFAULT 'asciicast' COMMENT '录制格式',
  `checksum` varchar(100) DEFAULT NULL COMMENT '文件校验和',
  `terminal_width` int DEFAULT '80' COMMENT '终端宽度',
  `terminal_height` int DEFAULT '24' COMMENT '终端高度',
  `total_bytes` bigint DEFAULT '0' COMMENT '总字节数',
  `compressed_bytes` bigint DEFAULT '0' COMMENT '压缩字节数',
  `compression_ratio` decimal(5,2) DEFAULT '0.00' COMMENT '压缩比',
  `record_count` int DEFAULT '0' COMMENT '记录条数',
  `status` varchar(50) DEFAULT 'recording' COMMENT '状态: recording,completed,failed',
  `metadata` text COMMENT '录制元数据(JSON)',
  `created_at` datetime NOT NULL DEFAULT CURRENT_TIMESTAMP,
  `updated_at` datetime NOT NULL DEFAULT CURRENT_TIMESTAMP ON UPDATE CURRENT_TIMESTAMP,
  `deleted_at` datetime DEFAULT NULL,
  PRIMARY KEY (`id`),
  UNIQUE KEY `uk_session_id` (`session_id`),
  KEY `idx_user_id` (`user_id`),
  KEY `idx_asset_id` (`asset_id`),
  KEY `idx_start_time` (`start_time`),
  KEY `idx_status` (`status`),
  KEY `idx_deleted_at` (`deleted_at`)
) ENGINE=InnoDB AUTO_INCREMENT=100 DEFAULT CHARSET=utf8mb4 COLLATE=utf8mb4_0900_ai_ci COMMENT='会话录制记录表';
/*!40101 SET character_set_client = @saved_cs_client */;

--
-- Dumping data for table `session_recordings`
--

LOCK TABLES `session_recordings` WRITE;
/*!40000 ALTER TABLE `session_recordings` DISABLE KEYS */;
/*!40000 ALTER TABLE `session_recordings` ENABLE KEYS */;
UNLOCK TABLES;

--
-- Table structure for table `session_records`
--

DROP TABLE IF EXISTS `session_records`;
/*!40101 SET @saved_cs_client     = @@character_set_client */;
/*!50503 SET character_set_client = utf8mb4 */;
CREATE TABLE `session_records` (
  `id` bigint unsigned NOT NULL AUTO_INCREMENT,
  `session_id` varchar(100) CHARACTER SET utf8mb4 COLLATE utf8mb4_unicode_ci NOT NULL,
  `user_id` bigint unsigned NOT NULL,
  `username` varchar(50) CHARACTER SET utf8mb4 COLLATE utf8mb4_unicode_ci NOT NULL,
  `asset_id` bigint unsigned NOT NULL,
  `asset_name` varchar(100) CHARACTER SET utf8mb4 COLLATE utf8mb4_unicode_ci NOT NULL,
  `asset_address` varchar(255) CHARACTER SET utf8mb4 COLLATE utf8mb4_unicode_ci NOT NULL,
  `credential_id` bigint unsigned NOT NULL,
  `protocol` varchar(10) CHARACTER SET utf8mb4 COLLATE utf8mb4_unicode_ci NOT NULL COMMENT '协议: ssh, rdp, vnc',
  `ip` varchar(45) CHARACTER SET utf8mb4 COLLATE utf8mb4_unicode_ci NOT NULL,
  `status` varchar(20) CHARACTER SET utf8mb4 COLLATE utf8mb4_unicode_ci NOT NULL DEFAULT 'active' COMMENT 'active, closed, timeout, terminated',
  `start_time` timestamp NULL DEFAULT CURRENT_TIMESTAMP,
  `end_time` timestamp NULL DEFAULT NULL,
  `duration` bigint DEFAULT NULL COMMENT '会话持续时间，秒',
  `record_path` varchar(255) CHARACTER SET utf8mb4 COLLATE utf8mb4_unicode_ci DEFAULT NULL COMMENT '录制文件路径',
  `is_terminated` tinyint(1) DEFAULT '0' COMMENT '是否被终止',
  `termination_reason` varchar(255) CHARACTER SET utf8mb4 COLLATE utf8mb4_unicode_ci DEFAULT NULL COMMENT '终止原因',
  `terminated_by` bigint unsigned DEFAULT NULL COMMENT '终止人',
  `terminated_at` timestamp NULL DEFAULT NULL COMMENT '终止时间',
  `created_at` timestamp NULL DEFAULT CURRENT_TIMESTAMP,
  `updated_at` timestamp NULL DEFAULT CURRENT_TIMESTAMP ON UPDATE CURRENT_TIMESTAMP,
  `deleted_at` timestamp NULL DEFAULT NULL,
  `timeout_minutes` int DEFAULT '0' COMMENT '会话超时时间(分钟)，0表示无限制',
  `last_activity` datetime DEFAULT CURRENT_TIMESTAMP COMMENT '最后活动时间',
  `close_reason` varchar(50) CHARACTER SET utf8mb4 COLLATE utf8mb4_unicode_ci DEFAULT 'user_close' COMMENT '关闭原因: user_close, timeout, admin_force, system_error',
  PRIMARY KEY (`id`),
  UNIQUE KEY `idx_session_id` (`session_id`),
  KEY `idx_user_id` (`user_id`),
  KEY `idx_username` (`username`),
  KEY `idx_asset_id` (`asset_id`),
  KEY `idx_credential_id` (`credential_id`),
  KEY `idx_protocol` (`protocol`),
  KEY `idx_ip` (`ip`),
  KEY `idx_status` (`status`),
  KEY `idx_start_time` (`start_time`),
  KEY `idx_created_at` (`created_at`),
  KEY `idx_deleted_at` (`deleted_at`),
  KEY `idx_session_records_is_terminated` (`is_terminated`),
  KEY `idx_session_records_status_terminated` (`status`,`is_terminated`),
  KEY `idx_sessions_user_time` (`user_id`,`start_time`),
  KEY `idx_terminated_by` (`terminated_by`),
  KEY `idx_session_timeout` (`timeout_minutes`,`last_activity`),
  KEY `idx_session_close_reason` (`close_reason`),
  KEY `idx_last_activity` (`last_activity`),
  CONSTRAINT `fk_session_records_asset` FOREIGN KEY (`asset_id`) REFERENCES `assets` (`id`) ON DELETE CASCADE,
  CONSTRAINT `fk_session_records_credential` FOREIGN KEY (`credential_id`) REFERENCES `credentials` (`id`) ON DELETE CASCADE,
  CONSTRAINT `fk_session_records_user` FOREIGN KEY (`user_id`) REFERENCES `users` (`id`) ON DELETE CASCADE,
  CONSTRAINT `fk_session_terminated_by` FOREIGN KEY (`terminated_by`) REFERENCES `users` (`id`) ON DELETE SET NULL
) ENGINE=InnoDB AUTO_INCREMENT=292 DEFAULT CHARSET=utf8mb4 COLLATE=utf8mb4_unicode_ci COMMENT='会话记录表 - 记录用户的SSH/RDP等会话信息';
/*!40101 SET character_set_client = @saved_cs_client */;

--
-- Dumping data for table `session_records`
--

LOCK TABLES `session_records` WRITE;
/*!40000 ALTER TABLE `session_records` DISABLE KEYS */;
INSERT INTO `session_records` VALUES (290,'ssh-1754145853-3922781543550869906',1,'admin',1,'web-7','10.0.0.7:22',1,'ssh','127.0.0.1','用户正常退出','2025-08-02 22:44:13','2025-08-02 22:44:38',24,'',0,'',NULL,NULL,'2025-08-02 22:44:13','2025-08-02 22:44:38',NULL,NULL,NULL,'');
/*!40000 ALTER TABLE `session_records` ENABLE KEYS */;
UNLOCK TABLES;

--
-- Table structure for table `session_timeouts`
--

DROP TABLE IF EXISTS `session_timeouts`;
/*!40101 SET @saved_cs_client     = @@character_set_client */;
/*!50503 SET character_set_client = utf8mb4 */;
CREATE TABLE `session_timeouts` (
  `id` int unsigned NOT NULL AUTO_INCREMENT,
  `session_id` varchar(100) NOT NULL COMMENT '关联的会话ID',
  `timeout_minutes` int NOT NULL DEFAULT '0' COMMENT '超时时间(分钟)，0表示无限制',
  `policy` varchar(20) NOT NULL DEFAULT 'fixed' COMMENT '超时策略',
  `idle_minutes` int DEFAULT NULL COMMENT '空闲时间(分钟)，适用于idle_kick策略',
  `last_activity` datetime DEFAULT CURRENT_TIMESTAMP COMMENT '最后活动时间',
  `warnings_sent` int DEFAULT '0' COMMENT '已发送警告次数',
  `last_warning_at` datetime DEFAULT NULL COMMENT '最后警告时间',
  `is_active` tinyint(1) DEFAULT '1' COMMENT '是否启用',
  `extension_count` int DEFAULT '0' COMMENT '延期次数',
  `max_extensions` int DEFAULT '3' COMMENT '最大延期次数',
  `created_at` datetime DEFAULT CURRENT_TIMESTAMP,
  `updated_at` datetime DEFAULT CURRENT_TIMESTAMP ON UPDATE CURRENT_TIMESTAMP,
  `deleted_at` datetime DEFAULT NULL,
  PRIMARY KEY (`id`),
  UNIQUE KEY `idx_session_id` (`session_id`),
  KEY `idx_deleted_at` (`deleted_at`)
) ENGINE=InnoDB AUTO_INCREMENT=12 DEFAULT CHARSET=utf8mb4 COLLATE=utf8mb4_0900_ai_ci COMMENT='会话超时配置表';
/*!40101 SET character_set_client = @saved_cs_client */;

--
-- Dumping data for table `session_timeouts`
--

LOCK TABLES `session_timeouts` WRITE;
/*!40000 ALTER TABLE `session_timeouts` DISABLE KEYS */;
INSERT INTO `session_timeouts` VALUES (1,'ssh-1753814583-409916446941415872',15,'fixed',30,'2025-07-30 02:43:04',0,NULL,0,0,3,'2025-07-30 02:43:04','2025-07-30 12:50:32',NULL),(2,'ssh-1753926040-7589655831172302389',15,'fixed',30,'2025-07-31 09:40:40',0,NULL,1,0,3,'2025-07-31 09:40:40','2025-07-31 01:51:14','2025-07-31 09:51:14'),(3,'ssh-1753926683-4046779338351913822',15,'fixed',30,'2025-07-31 09:51:24',0,NULL,0,0,3,'2025-07-31 09:51:24','2025-07-31 02:05:28','2025-07-31 10:05:29'),(4,'ssh-1753945662-455631819633338328',15,'fixed',30,'2025-07-31 15:07:43',0,NULL,0,0,3,'2025-07-31 15:07:43','2025-07-31 15:23:08',NULL),(5,'ssh-1753967297-8222258791280836900',15,'fixed',30,'2025-07-31 21:08:18',0,NULL,1,0,3,'2025-07-31 21:08:18','2025-07-31 13:08:27','2025-07-31 21:08:27'),(6,'ssh-1753972071-4752064026157255049',15,'fixed',30,'2025-07-31 22:27:52',0,NULL,0,0,3,'2025-07-31 22:27:52','2025-07-31 14:41:57','2025-07-31 22:41:57'),(7,'ssh-1753976476-4899774615849841521',15,'fixed',30,'2025-07-31 23:41:17',0,NULL,1,0,3,'2025-07-31 23:41:17','2025-07-31 15:41:45','2025-07-31 23:41:46'),(8,'ssh-1754033735-8012609302570643813',15,'fixed',30,'2025-08-01 15:35:35',0,NULL,1,0,3,'2025-08-01 15:35:35','2025-08-01 07:36:28','2025-08-01 15:36:28'),(9,'ssh-1754052678-7450899799683208406',15,'fixed',30,'2025-08-01 20:51:19',0,NULL,1,0,3,'2025-08-01 20:51:19','2025-08-01 12:57:00','2025-08-01 20:57:01'),(10,'ssh-1754060599-7051234960800673295',15,'fixed',30,'2025-08-01 23:03:20',0,NULL,1,0,3,'2025-08-01 23:03:20','2025-08-01 15:03:24','2025-08-01 23:03:25'),(11,'ssh-1754063005-8170767895588901493',15,'fixed',30,'2025-08-01 23:43:26',0,NULL,1,0,3,'2025-08-01 23:43:26','2025-08-01 15:46:39','2025-08-01 23:46:39');
/*!40000 ALTER TABLE `session_timeouts` ENABLE KEYS */;
UNLOCK TABLES;

--
-- Table structure for table `session_warnings`
--

DROP TABLE IF EXISTS `session_warnings`;
/*!40101 SET @saved_cs_client     = @@character_set_client */;
/*!50503 SET character_set_client = utf8mb4 */;
CREATE TABLE `session_warnings` (
  `id` bigint unsigned NOT NULL AUTO_INCREMENT,
  `session_id` varchar(100) CHARACTER SET utf8mb4 COLLATE utf8mb4_unicode_ci NOT NULL COMMENT '会话ID',
  `sender_user_id` bigint unsigned NOT NULL COMMENT '发送者用户ID',
  `receiver_user_id` bigint unsigned NOT NULL COMMENT '接收者用户ID',
  `message` text CHARACTER SET utf8mb4 COLLATE utf8mb4_unicode_ci NOT NULL COMMENT '警告消息',
  `level` varchar(20) CHARACTER SET utf8mb4 COLLATE utf8mb4_unicode_ci DEFAULT 'warning' COMMENT 'info, warning, error',
  `is_read` tinyint(1) DEFAULT '0' COMMENT '是否已读',
  `created_at` timestamp NULL DEFAULT CURRENT_TIMESTAMP,
  `read_at` timestamp NULL DEFAULT NULL COMMENT '阅读时间',
  PRIMARY KEY (`id`),
  KEY `idx_session_id` (`session_id`),
  KEY `idx_sender` (`sender_user_id`),
  KEY `idx_receiver` (`receiver_user_id`),
  KEY `idx_created_at` (`created_at`),
  KEY `idx_is_read` (`is_read`),
  CONSTRAINT `fk_warning_receiver` FOREIGN KEY (`receiver_user_id`) REFERENCES `users` (`id`) ON DELETE CASCADE,
  CONSTRAINT `fk_warning_sender` FOREIGN KEY (`sender_user_id`) REFERENCES `users` (`id`) ON DELETE CASCADE
) ENGINE=InnoDB DEFAULT CHARSET=utf8mb4 COLLATE=utf8mb4_unicode_ci COMMENT='会话警告消息表';
/*!40101 SET character_set_client = @saved_cs_client */;

--
-- Dumping data for table `session_warnings`
--

LOCK TABLES `session_warnings` WRITE;
/*!40000 ALTER TABLE `session_warnings` DISABLE KEYS */;
/*!40000 ALTER TABLE `session_warnings` ENABLE KEYS */;
UNLOCK TABLES;

--
-- Table structure for table `user_roles`
--

DROP TABLE IF EXISTS `user_roles`;
/*!40101 SET @saved_cs_client     = @@character_set_client */;
/*!50503 SET character_set_client = utf8mb4 */;
CREATE TABLE `user_roles` (
  `user_id` bigint unsigned NOT NULL,
  `role_id` bigint unsigned NOT NULL,
  `created_at` timestamp NULL DEFAULT CURRENT_TIMESTAMP,
  PRIMARY KEY (`user_id`,`role_id`),
  KEY `idx_user_id` (`user_id`),
  KEY `idx_role_id` (`role_id`),
  CONSTRAINT `fk_user_roles_role` FOREIGN KEY (`role_id`) REFERENCES `roles` (`id`) ON DELETE CASCADE,
  CONSTRAINT `fk_user_roles_user` FOREIGN KEY (`user_id`) REFERENCES `users` (`id`) ON DELETE CASCADE
) ENGINE=InnoDB DEFAULT CHARSET=utf8mb4 COLLATE=utf8mb4_unicode_ci COMMENT='用户角色关联表 - 多对多关系';
/*!40101 SET character_set_client = @saved_cs_client */;

--
-- Dumping data for table `user_roles`
--

LOCK TABLES `user_roles` WRITE;
/*!40000 ALTER TABLE `user_roles` DISABLE KEYS */;
INSERT INTO `user_roles` VALUES (1,1,'2025-07-19 08:49:17'),(2,2,'2025-07-22 01:14:17'),(3,2,'2025-07-22 01:28:40'),(5,2,'2025-07-29 08:40:23'),(6,2,'2025-07-29 15:23:25'),(7,1,'2025-07-29 15:23:13'),(9,1,'2025-08-03 18:33:48');
/*!40000 ALTER TABLE `user_roles` ENABLE KEYS */;
UNLOCK TABLES;

--
-- Table structure for table `users`
--

DROP TABLE IF EXISTS `users`;
/*!40101 SET @saved_cs_client     = @@character_set_client */;
/*!50503 SET character_set_client = utf8mb4 */;
CREATE TABLE `users` (
  `id` bigint unsigned NOT NULL AUTO_INCREMENT,
  `username` varchar(50) CHARACTER SET utf8mb4 COLLATE utf8mb4_unicode_ci NOT NULL,
  `password` varchar(255) CHARACTER SET utf8mb4 COLLATE utf8mb4_unicode_ci NOT NULL,
  `email` varchar(100) CHARACTER SET utf8mb4 COLLATE utf8mb4_unicode_ci DEFAULT NULL,
  `phone` varchar(20) CHARACTER SET utf8mb4 COLLATE utf8mb4_unicode_ci DEFAULT NULL,
  `status` tinyint DEFAULT '1' COMMENT '1-启用, 0-禁用',
  `created_at` timestamp NULL DEFAULT CURRENT_TIMESTAMP,
  `updated_at` timestamp NULL DEFAULT CURRENT_TIMESTAMP ON UPDATE CURRENT_TIMESTAMP,
  `deleted_at` timestamp NULL DEFAULT NULL,
  PRIMARY KEY (`id`),
  UNIQUE KEY `idx_username` (`username`),
  KEY `idx_status` (`status`),
  KEY `idx_deleted_at` (`deleted_at`),
  KEY `idx_users_created_at` (`created_at`)
) ENGINE=InnoDB AUTO_INCREMENT=10 DEFAULT CHARSET=utf8mb4 COLLATE=utf8mb4_unicode_ci COMMENT='用户表 - 存储系统用户信息';
/*!40101 SET character_set_client = @saved_cs_client */;

--
-- Dumping data for table `users`
--

LOCK TABLES `users` WRITE;
/*!40000 ALTER TABLE `users` DISABLE KEYS */;
INSERT INTO `users` VALUES (1,'admin','$2a$10$X4iQ52mdwK8Gd7DFo00dx.kFYRBfXjDezkKK3m1JEExYsxPL1bT8i','admin@bastion.local',NULL,1,'2025-07-19 08:49:17','2025-07-28 12:19:57',NULL),(2,'test_user_audit_1753118056','$2a$10$Skwk4nmJaxPjHHf5xYUrM.pAzejLXInRLjZ4/ICkrEmIgaNV3Evam','test@audit.com','',1,'2025-07-22 01:14:17','2025-07-28 06:03:59','2025-07-28 14:03:57'),(3,'test_user_audit_1753118919','$2a$10$DJlxB5NT49YelOxoQJVJOuQEsfRc0y0aIIZ.ArEa531uF68sTqqES','test@login-audit.com','',1,'2025-07-22 01:28:40','2025-07-28 06:04:00','2025-07-28 14:03:59'),(4,'test_user','$2a$10$X4iQ52mdwK8Gd7DFo00dx.kFYRBfXjDezkKK3m1JEExYsxPL1bT8i','test@example.com',NULL,1,'2025-07-28 12:31:12','2025-07-29 00:54:40','2025-07-29 08:54:40'),(5,'test_user_1753749622','$2a$10$Es5ukwHes9kZ3NK1fYybyeYB5W3IHxbmu2.2l4Kzlj6AxBzLyCJg6','test1753749622@example.com','',1,'2025-07-29 08:40:23','2025-07-29 00:40:23','2025-07-29 08:40:23'),(6,'zhangya','$2a$10$VkCI7CtKgL2wchmumZVETO4hP679XhEybLZU6u8Ivy23IKK6cvmHG','vim27@qq.com','',1,'2025-07-29 08:55:01','2025-07-29 07:23:27','2025-07-29 15:23:27'),(7,'root','$2a$10$8nM2EWL5Vg37Y0ubSokW3.5F53TDeAdrwCry3yveb0esGKEEfUWnC','vim27@qq.com','',1,'2025-07-29 15:23:13','2025-07-29 07:23:20','2025-07-29 15:23:19'),(9,'zhangyaya','$2a$10$nSWEau3Bu.W3QDqqUTW2NePLRE.elQ415BME2vNZG7CDltE2pKCOa','vim27@qq.com','',1,'2025-08-03 18:33:48','2025-08-03 18:33:48',NULL);
/*!40000 ALTER TABLE `users` ENABLE KEYS */;
UNLOCK TABLES;

--
-- Table structure for table `websocket_connections`
--

DROP TABLE IF EXISTS `websocket_connections`;
/*!40101 SET @saved_cs_client     = @@character_set_client */;
/*!50503 SET character_set_client = utf8mb4 */;
CREATE TABLE `websocket_connections` (
  `id` bigint unsigned NOT NULL AUTO_INCREMENT,
  `client_id` varchar(100) CHARACTER SET utf8mb4 COLLATE utf8mb4_unicode_ci NOT NULL COMMENT '客户端ID',
  `user_id` bigint unsigned NOT NULL COMMENT '用户ID',
  `connect_time` timestamp NULL DEFAULT CURRENT_TIMESTAMP COMMENT '连接时间',
  `disconnect_time` timestamp NULL DEFAULT NULL COMMENT '断开时间',
  `ip_address` varchar(45) CHARACTER SET utf8mb4 COLLATE utf8mb4_unicode_ci DEFAULT NULL COMMENT '客户端IP',
  `user_agent` text CHARACTER SET utf8mb4 COLLATE utf8mb4_unicode_ci COMMENT '用户代理',
  `duration` int DEFAULT NULL COMMENT '连接持续时间（秒）',
  PRIMARY KEY (`id`),
  KEY `idx_user_id` (`user_id`),
  KEY `idx_connect_time` (`connect_time`),
  KEY `idx_client_id` (`client_id`),
  CONSTRAINT `fk_ws_user` FOREIGN KEY (`user_id`) REFERENCES `users` (`id`) ON DELETE CASCADE
) ENGINE=InnoDB DEFAULT CHARSET=utf8mb4 COLLATE=utf8mb4_unicode_ci COMMENT='WebSocket连接日志表';
/*!40101 SET character_set_client = @saved_cs_client */;

--
-- Dumping data for table `websocket_connections`
--

LOCK TABLES `websocket_connections` WRITE;
/*!40000 ALTER TABLE `websocket_connections` DISABLE KEYS */;
/*!40000 ALTER TABLE `websocket_connections` ENABLE KEYS */;
UNLOCK TABLES;

--
-- Final view structure for view `audit_statistics`
--

/*!50001 DROP VIEW IF EXISTS `audit_statistics`*/;
/*!50001 SET @saved_cs_client          = @@character_set_client */;
/*!50001 SET @saved_cs_results         = @@character_set_results */;
/*!50001 SET @saved_col_connection     = @@collation_connection */;
/*!50001 SET character_set_client      = utf8mb4 */;
/*!50001 SET character_set_results     = utf8mb4 */;
/*!50001 SET collation_connection      = utf8mb4_0900_ai_ci */;
/*!50001 CREATE ALGORITHM=UNDEFINED */
/*!50013 DEFINER=`root`@`%` SQL SECURITY DEFINER */
/*!50001 VIEW `audit_statistics` AS select (select count(0) from `login_logs`) AS `total_login_logs`,(select count(0) from `operation_logs`) AS `total_operation_logs`,(select count(0) from `session_records`) AS `total_session_records`,(select count(0) from `command_logs`) AS `total_command_logs`,(select count(0) from `login_logs` where (`login_logs`.`status` = 'failed')) AS `failed_logins`,(select count(0) from `session_records` where (`session_records`.`status` = 'active')) AS `active_sessions`,(select count(0) from `command_logs` where (`command_logs`.`risk` = 'high')) AS `dangerous_commands`,(select count(0) from `login_logs` where (cast(`login_logs`.`created_at` as date) = curdate())) AS `today_logins`,(select count(0) from `operation_logs` where (cast(`operation_logs`.`created_at` as date) = curdate())) AS `today_operations`,(select count(0) from `session_records` where (cast(`session_records`.`start_time` as date) = curdate())) AS `today_sessions` */;
/*!50001 SET character_set_client      = @saved_cs_client */;
/*!50001 SET character_set_results     = @saved_cs_results */;
/*!50001 SET collation_connection      = @saved_col_connection */;
/*!40103 SET TIME_ZONE=@OLD_TIME_ZONE */;

/*!40101 SET SQL_MODE=@OLD_SQL_MODE */;
/*!40014 SET FOREIGN_KEY_CHECKS=@OLD_FOREIGN_KEY_CHECKS */;
/*!40014 SET UNIQUE_CHECKS=@OLD_UNIQUE_CHECKS */;
/*!40101 SET CHARACTER_SET_CLIENT=@OLD_CHARACTER_SET_CLIENT */;
/*!40101 SET CHARACTER_SET_RESULTS=@OLD_CHARACTER_SET_RESULTS */;
/*!40101 SET COLLATION_CONNECTION=@OLD_COLLATION_CONNECTION */;
/*!40111 SET SQL_NOTES=@OLD_SQL_NOTES */;

-- Dump completed on 2025-08-05 20:31:01
